"Date","Price","Open","High","Low","Vol.","Change %"
"02/09/2025","1.0491","1.0291","1.0515","1.0285","","1.59%"
"02/02/2025","1.0327","1.0288","1.0444","1.0146","","-0.34%"
"01/26/2025","1.0362","1.0486","1.0534","1.0350","","-1.25%"
"01/19/2025","1.0493","1.0276","1.0523","1.0266","","2.16%"
"01/12/2025","1.0271","1.0241","1.0355","1.0178","","0.26%"
"01/05/2025","1.0244","1.0303","1.0438","1.0216","","-0.62%"
"12/29/2024","1.0308","1.0433","1.0459","1.0225","","-1.14%"
"12/22/2024","1.0427","1.0425","1.0446","1.0383","","-0.02%"
"12/15/2024","1.0429","1.0497","1.0535","1.0343","","-0.70%"
"12/08/2024","1.0502","1.0563","1.0595","1.0453","","-0.62%"
"12/01/2024","1.0568","1.0577","1.0631","1.0460","","-0.07%"
"11/24/2024","1.0575","1.0448","1.0598","1.0425","","1.52%"
"11/17/2024","1.0417","1.0535","1.0611","1.0334","","-1.18%"
"11/10/2024","1.0541","1.0713","1.0728","1.0496","","-1.65%"
"11/03/2024","1.0718","1.0860","1.0938","1.0682","","-1.07%"
"10/27/2024","1.0834","1.0797","1.0905","1.0769","","0.38%"
"10/20/2024","1.0793","1.0861","1.0872","1.0761","","-0.67%"
"10/13/2024","1.0866","1.0933","1.0937","1.0811","","-0.65%"
"10/06/2024","1.0937","1.0976","1.0998","1.0899","","-0.36%"
"09/29/2024","1.0976","1.1159","1.1209","1.0951","","-1.68%"
"09/22/2024","1.1163","1.1163","1.1214","1.1083","","0.01%"
"09/15/2024","1.1162","1.1078","1.1190","1.1068","","0.78%"
"09/08/2024","1.1076","1.1082","1.1102","1.1002","","-0.06%"
"09/01/2024","1.1083","1.1047","1.1156","1.1026","","0.33%"
"08/25/2024","1.1047","1.1188","1.1202","1.1044","","-1.28%"
"08/18/2024","1.1190","1.1024","1.1200","1.1022","","1.47%"
"08/11/2024","1.1028","1.0915","1.1048","1.0911","","1.03%"
"08/04/2024","1.0916","1.0922","1.1008","1.0882","","0.07%"
"07/28/2024","1.0908","1.0864","1.0927","1.0776","","0.47%"
"07/21/2024","1.0857","1.0881","1.0904","1.0826","","-0.18%"
"07/14/2024","1.0877","1.0887","1.0948","1.0871","","-0.27%"
"07/07/2024","1.0906","1.0809","1.0912","1.0802","","0.65%"
"06/30/2024","1.0836","1.0728","1.0843","1.0709","","1.15%"
"06/23/2024","1.0713","1.0688","1.0747","1.0666","","0.21%"
"06/16/2024","1.0691","1.0702","1.0762","1.0670","","-0.08%"
"06/09/2024","1.0700","1.0797","1.0853","1.0668","","-0.93%"
"06/02/2024","1.0800","1.0851","1.0917","1.0799","","-0.38%"
"05/26/2024","1.0841","1.0854","1.0890","1.0788","","-0.04%"
"05/19/2024","1.0845","1.0866","1.0885","1.0805","","-0.23%"
"05/12/2024","1.0870","1.0774","1.0896","1.0766","","0.94%"
"05/05/2024","1.0769","1.0762","1.0791","1.0724","","0.10%"
"04/28/2024","1.0758","1.0695","1.0813","1.0649","","0.62%"
"04/21/2024","1.0692","1.0656","1.0754","1.0623","","0.36%"
"04/14/2024","1.0654","1.0637","1.0690","1.0601","","0.11%"
"04/07/2024","1.0642","1.0843","1.0886","1.0622","","-1.78%"
"03/31/2024","1.0835","1.0788","1.0877","1.0724","","0.39%"
"03/24/2024","1.0793","1.0808","1.0865","1.0767","","-0.11%"
"03/17/2024","1.0805","1.0893","1.0943","1.0802","","-0.75%"
"03/10/2024","1.0887","1.0944","1.0964","1.0872","","-0.46%"
"03/03/2024","1.0937","1.0842","1.0982","1.0838","","0.92%"
"02/25/2024","1.0837","1.0826","1.0867","1.0795","","0.18%"
"02/18/2024","1.0818","1.0776","1.0889","1.0761","","0.41%"
"02/11/2024","1.0774","1.0781","1.0806","1.0695","","-0.07%"
"02/04/2024","1.0782","1.0784","1.0796","1.0723","","-0.02%"
"01/28/2024","1.0784","1.0849","1.0898","1.0779","","-0.63%"
"01/21/2024","1.0852","1.0891","1.0933","1.0812","","-0.41%"
"01/14/2024","1.0897","1.0955","1.0969","1.0844","","-0.47%"
"01/07/2024","1.0949","1.0946","1.0991","1.0910","","0.07%"
"12/31/2023","1.0941","1.1044","1.1048","1.0876","","-0.86%"
"12/24/2023","1.1036","1.1017","1.1141","1.0993","","0.24%"
"12/17/2023","1.1010","1.0903","1.1041","1.0891","","1.06%"
"12/10/2023","1.0894","1.0762","1.1010","1.0741","","1.24%"
"12/03/2023","1.0761","1.0887","1.0896","1.0723","","-1.10%"
"11/26/2023","1.0881","1.0937","1.1018","1.0828","","-0.53%"
"11/19/2023","1.0939","1.0913","1.0965","1.0852","","0.29%"
"11/12/2023","1.0907","1.0684","1.0917","1.0664","","2.12%"
"11/05/2023","1.0681","1.0729","1.0757","1.0655","","-0.45%"
"10/29/2023","1.0729","1.0566","1.0747","1.0517","","1.56%"
"10/22/2023","1.0564","1.0594","1.0695","1.0522","","-0.27%"
"10/15/2023","1.0593","1.0507","1.0618","1.0507","","0.80%"
"10/08/2023","1.0509","1.0563","1.0640","1.0495","","-0.73%"
"10/01/2023","1.0586","1.0568","1.0601","1.0448","","0.15%"
"09/24/2023","1.0570","1.0655","1.0656","1.0488","","-0.77%"
"09/17/2023","1.0652","1.0663","1.0738","1.0614","","-0.03%"
"09/10/2023","1.0655","1.0716","1.0769","1.0631","","-0.41%"
"09/03/2023","1.0699","1.0777","1.0810","1.0686","","-0.69%"
"08/27/2023","1.0773","1.0801","1.0947","1.0771","","-0.25%"
"08/20/2023","1.0800","1.0878","1.0932","1.0766","","-0.60%"
"08/13/2023","1.0865","1.0953","1.0961","1.0845","","-0.72%"
"08/06/2023","1.0944","1.1018","1.1065","1.0928","","-0.60%"
"07/30/2023","1.1010","1.1023","1.1047","1.0912","","-0.05%"
"07/23/2023","1.1015","1.1127","1.1150","1.0943","","-0.97%"
"07/16/2023","1.1123","1.1235","1.1277","1.1107","","-0.93%"
"07/09/2023","1.1227","1.0971","1.1245","1.0943","","2.37%"
"07/02/2023","1.0967","1.0911","1.0975","1.0833","","0.52%"
"06/25/2023","1.0910","1.0897","1.0977","1.0834","","0.19%"
"06/18/2023","1.0889","1.0942","1.1012","1.0843","","-0.40%"
"06/11/2023","1.0933","1.0751","1.0971","1.0733","","1.73%"
"06/04/2023","1.0747","1.0712","1.0788","1.0667","","0.38%"
"05/28/2023","1.0706","1.0726","1.0780","1.0634","","-0.17%"
"05/21/2023","1.0724","1.0814","1.0832","1.0701","","-0.72%"
"05/14/2023","1.0802","1.0856","1.0905","1.0760","","-0.42%"
"05/07/2023","1.0848","1.1033","1.1055","1.0848","","-1.53%"
"04/30/2023","1.1017","1.1035","1.1092","1.0941","","-0.03%"
"04/23/2023","1.1020","1.0991","1.1096","1.0962","","0.30%"
"04/16/2023","1.0987","1.0990","1.1000","1.0908","","-0.12%"
"04/09/2023","1.1000","1.0901","1.1077","1.0831","","0.95%"
"04/02/2023","1.0897","1.0847","1.0974","1.0788","","0.54%"
"03/26/2023","1.0839","1.0767","1.0927","1.0745","","0.74%"
"03/19/2023","1.0759","1.0697","1.0931","1.0631","","0.87%"
"03/12/2023","1.0666","1.0647","1.0761","1.0516","","0.22%"
"03/05/2023","1.0643","1.0619","1.0702","1.0524","","0.10%"
"02/26/2023","1.0632","1.0541","1.0692","1.0532","","0.82%"
"02/19/2023","1.0546","1.0688","1.0705","1.0536","","-1.38%"
"02/12/2023","1.0694","1.0679","1.0805","1.0612","","0.18%"
"02/05/2023","1.0675","1.0790","1.0799","1.0666","","-1.09%"
"01/29/2023","1.0793","1.0875","1.1034","1.0791","","-0.68%"
"01/22/2023","1.0867","1.0860","1.0930","1.0834","","0.11%"
"01/15/2023","1.0855","1.0834","1.0889","1.0766","","0.25%"
"01/08/2023","1.0828","1.0637","1.0869","1.0636","","1.73%"
"01/01/2023","1.0644","1.0702","1.0708","1.0483","","-0.54%"
"12/25/2022","1.0702","1.0611","1.0714","1.0604","","0.83%"
"12/18/2022","1.0614","1.0591","1.0660","1.0573","","0.30%"
"12/11/2022","1.0582","1.0528","1.0737","1.0506","","0.49%"
"12/04/2022","1.0530","1.0517","1.0596","1.0443","","-0.08%"
"11/27/2022","1.0538","1.0382","1.0546","1.0289","","1.38%"
"11/20/2022","1.0395","1.0318","1.0450","1.0223","","0.69%"
"11/13/2022","1.0324","1.0366","1.0481","1.0271","","-0.27%"
"11/06/2022","1.0352","0.9911","1.0365","0.9899","","3.94%"
"10/30/2022","0.9960","0.9947","0.9977","0.9729","","-0.03%"
"10/23/2022","0.9963","0.9867","1.0094","0.9807","","1.04%"
"10/16/2022","0.9860","0.9726","0.9876","0.9704","","1.45%"
"10/09/2022","0.9719","0.9736","0.9809","0.9632","","-0.23%"
"10/02/2022","0.9741","0.9800","1.0000","0.9725","","-0.59%"
"09/25/2022","0.9799","0.9679","0.9855","0.9535","","1.12%"
"09/18/2022","0.9690","1.0012","1.0051","0.9668","","-3.25%"
"09/11/2022","1.0015","1.0080","1.0199","0.9944","","-0.24%"
"09/04/2022","1.0039","0.9950","1.0114","0.9863","","0.88%"
"08/28/2022","0.9951","0.9977","1.0079","0.9911","","-0.10%"
"08/21/2022","0.9961","1.0041","1.0091","0.9900","","-0.73%"
"08/14/2022","1.0034","1.0263","1.0270","1.0031","","-2.18%"
"08/07/2022","1.0258","1.0179","1.0369","1.0158","","0.76%"
"07/31/2022","1.0181","1.0218","1.0295","1.0122","","-0.36%"
"07/24/2022","1.0218","1.0212","1.0259","1.0096","","0.08%"
"07/17/2022","1.0210","1.0085","1.0279","1.0078","","1.22%"
"07/10/2022","1.0087","1.0173","1.0185","0.9952","","-0.94%"
"07/03/2022","1.0183","1.0424","1.0464","1.0072","","-2.35%"
"06/26/2022","1.0428","1.0555","1.0616","1.0366","","-1.19%"
"06/19/2022","1.0554","1.0472","1.0606","1.0468","","0.53%"
"06/12/2022","1.0498","1.0513","1.0602","1.0359","","-0.16%"
"06/05/2022","1.0515","1.0722","1.0775","1.0505","","-1.89%"
"05/29/2022","1.0718","1.0737","1.0788","1.0626","","-0.08%"
"05/22/2022","1.0727","1.0572","1.0766","1.0558","","1.58%"
"05/15/2022","1.0560","1.0405","1.0608","1.0388","","1.43%"
"05/08/2022","1.0411","1.0552","1.0594","1.0350","","-1.33%"
"05/01/2022","1.0551","1.0550","1.0642","1.0482","","0.09%"
"04/24/2022","1.0541","1.0841","1.0842","1.0471","","-2.34%"
"04/17/2022","1.0794","1.0805","1.0937","1.0761","","-0.11%"
"04/10/2022","1.0806","1.0935","1.0951","1.0757","","-0.64%"
"04/03/2022","1.0876","1.1039","1.1056","1.0836","","-1.60%"
"03/27/2022","1.1053","1.0989","1.1185","1.0944","","0.66%"
"03/20/2022","1.0981","1.1059","1.1070","1.0960","","-0.67%"
"03/13/2022","1.1055","1.0943","1.1138","1.0900","","1.34%"
"03/06/2022","1.0909","1.0953","1.1121","1.0805","","-0.16%"
"02/27/2022","1.0926","1.1179","1.1247","1.0886","","-3.03%"
"02/20/2022","1.1267","1.1315","1.1391","1.1106","","-0.48%"
"02/13/2022","1.1321","1.1344","1.1396","1.1279","","-0.25%"
"02/06/2022","1.1349","1.1468","1.1496","1.1329","","-0.85%"
"01/30/2022","1.1446","1.1147","1.1485","1.1138","","2.72%"
"01/23/2022","1.1143","1.1343","1.1346","1.1121","","-1.74%"
"01/16/2022","1.1340","1.1414","1.1436","1.1300","","-0.65%"
"01/09/2022","1.1414","1.1353","1.1484","1.1285","","0.48%"
"01/02/2022","1.1359","1.1365","1.1381","1.1272","","-0.08%"
"12/26/2021","1.1368","1.1318","1.1387","1.1273","","0.45%"
"12/19/2021","1.1317","1.1242","1.1344","1.1234","","0.69%"
"12/12/2021","1.1239","1.1316","1.1361","1.1221","","-0.64%"
"12/05/2021","1.1311","1.1321","1.1356","1.1228","","-0.02%"
"11/28/2021","1.1313","1.1309","1.1384","1.1236","","-0.04%"
"11/21/2021","1.1317","1.1292","1.1331","1.1185","","0.26%"
"11/14/2021","1.1288","1.1452","1.1465","1.1250","","-1.41%"
"11/07/2021","1.1450","1.1555","1.1609","1.1432","","-1.00%"
"10/31/2021","1.1566","1.1559","1.1617","1.1513","","0.04%"
"10/24/2021","1.1561","1.1644","1.1693","1.1535","","-0.74%"
"10/17/2021","1.1647","1.1597","1.1670","1.1571","","0.41%"
"10/10/2021","1.1600","1.1571","1.1625","1.1524","","0.29%"
"10/03/2021","1.1567","1.1593","1.1641","1.1529","","-0.23%"
"09/26/2021","1.1594","1.1724","1.1728","1.1562","","-1.02%"
"09/19/2021","1.1714","1.1732","1.1757","1.1683","","-0.09%"
"09/12/2021","1.1725","1.1813","1.1846","1.1724","","-0.75%"
"09/05/2021","1.1814","1.1879","1.1888","1.1802","","-0.57%"
"08/29/2021","1.1882","1.1793","1.1910","1.1782","","0.75%"
"08/22/2021","1.1793","1.1694","1.1803","1.1691","","0.83%"
"08/15/2021","1.1696","1.1794","1.1802","1.1664","","-0.81%"
"08/08/2021","1.1791","1.1762","1.1805","1.1705","","0.26%"
"08/01/2021","1.1760","1.1864","1.1901","1.1753","","-0.93%"
"07/25/2021","1.1870","1.1778","1.1910","1.1763","","0.84%"
"07/18/2021","1.1771","1.1808","1.1831","1.1752","","-0.29%"
"07/11/2021","1.1805","1.1872","1.1881","1.1772","","-0.57%"
"07/04/2021","1.1873","1.1862","1.1896","1.1782","","0.08%"
"06/27/2021","1.1864","1.1935","1.1946","1.1806","","-0.58%"
"06/20/2021","1.1933","1.1868","1.1976","1.1847","","0.62%"
"06/13/2021","1.1860","1.2110","1.2149","1.1846","","-2.03%"
"06/06/2021","1.2106","1.2168","1.2219","1.2092","","-0.49%"
"05/30/2021","1.2165","1.2192","1.2255","1.2104","","-0.20%"
"05/23/2021","1.2189","1.2178","1.2267","1.2132","","0.08%"
"05/16/2021","1.2179","1.2140","1.2246","1.2126","","0.32%"
"05/09/2021","1.2140","1.2161","1.2182","1.2050","","-0.19%"
"05/02/2021","1.2163","1.2031","1.2172","1.1985","","1.21%"
"04/25/2021","1.2018","1.2093","1.2150","1.2016","","-0.67%"
"04/18/2021","1.2099","1.1984","1.2100","1.1942","","0.97%"
"04/11/2021","1.1983","1.1891","1.1996","1.1870","","0.73%"
"04/04/2021","1.1896","1.1761","1.1928","1.1738","","1.14%"
"03/28/2021","1.1762","1.1795","1.1797","1.1703","","-0.29%"
"03/21/2021","1.1796","1.1899","1.1947","1.1761","","-0.90%"
"03/14/2021","1.1903","1.1952","1.1990","1.1874","","-0.41%"
"03/07/2021","1.1952","1.1922","1.1990","1.1835","","0.29%"
"02/28/2021","1.1917","1.2079","1.2113","1.1894","","-1.30%"
"02/21/2021","1.2074","1.2117","1.2243","1.2062","","-0.35%"
"02/14/2021","1.2117","1.2123","1.2170","1.2023","","-0.01%"
"02/07/2021","1.2118","1.2042","1.2150","1.2019","","0.63%"
"01/31/2021","1.2042","1.2140","1.2146","1.1952","","-0.77%"
"01/24/2021","1.2136","1.2168","1.2184","1.2057","","-0.25%"
"01/17/2021","1.2167","1.2085","1.2191","1.2054","","0.74%"
"01/10/2021","1.2078","1.2217","1.2227","1.2074","","-1.15%"
"01/03/2021","1.2218","1.2231","1.2350","1.2191","","0.05%"
"12/27/2020","1.2212","1.2202","1.2311","1.2181","","0.07%"
"12/20/2020","1.2204","1.2242","1.2257","1.2129","","-0.42%"
"12/13/2020","1.2255","1.2131","1.2274","1.2115","","1.19%"
"12/06/2020","1.2111","1.2128","1.2167","1.2059","","-0.07%"
"11/29/2020","1.2120","1.1957","1.2178","1.1924","","1.32%"
"11/22/2020","1.1962","1.1853","1.1965","1.1800","","0.92%"
"11/15/2020","1.1853","1.1829","1.1895","1.1813","","0.18%"
"11/08/2020","1.1832","1.1882","1.1920","1.1745","","-0.34%"
"11/01/2020","1.1872","1.1658","1.1891","1.1603","","1.93%"
"10/25/2020","1.1647","1.1858","1.1861","1.1639","","-1.79%"
"10/18/2020","1.1859","1.1722","1.1882","1.1703","","1.20%"
"10/11/2020","1.1718","1.1819","1.1827","1.1688","","-0.90%"
"10/04/2020","1.1824","1.1716","1.1832","1.1707","","0.95%"
"09/27/2020","1.1713","1.1638","1.1770","1.1615","","0.71%"
"09/20/2020","1.1630","1.1848","1.1873","1.1612","","-1.75%"
"09/13/2020","1.1837","1.1840","1.1901","1.1737","","-0.07%"
"09/06/2020","1.1845","1.1833","1.1918","1.1753","","0.06%"
"08/30/2020","1.1838","1.1899","1.2012","1.1781","","-0.55%"
"08/23/2020","1.1903","1.1787","1.1920","1.1762","","0.92%"
"08/16/2020","1.1795","1.1840","1.1967","1.1754","","-0.39%"
"08/09/2020","1.1841","1.1788","1.1865","1.1710","","0.47%"
"08/02/2020","1.1786","1.1783","1.1917","1.1696","","0.10%"
"07/26/2020","1.1774","1.1646","1.1910","1.1637","","1.03%"
"07/19/2020","1.1654","1.1410","1.1659","1.1401","","2.00%"
"07/12/2020","1.1426","1.1300","1.1452","1.1297","","1.13%"
"07/05/2020","1.1298","1.1242","1.1372","1.1240","","0.44%"
"06/28/2020","1.1248","1.1227","1.1303","1.1185","","0.28%"
"06/21/2020","1.1217","1.1185","1.1350","1.1168","","0.38%"
"06/14/2020","1.1175","1.1245","1.1353","1.1168","","-0.70%"
"06/07/2020","1.1254","1.1289","1.1423","1.1212","","-0.27%"
"05/31/2020","1.1284","1.1097","1.1385","1.1095","","1.68%"
"05/24/2020","1.1098","1.0903","1.1146","1.0870","","1.82%"
"05/17/2020","1.0900","1.0816","1.1010","1.0799","","0.79%"
"05/10/2020","1.0815","1.0838","1.0897","1.0775","","-0.23%"
"05/03/2020","1.0840","1.0980","1.0980","1.0766","","-1.30%"
"04/26/2020","1.0983","1.0809","1.1019","1.0808","","1.51%"
"04/19/2020","1.0820","1.0875","1.0898","1.0726","","-0.51%"
"04/12/2020","1.0876","1.0941","1.0991","1.0812","","-0.54%"
"04/05/2020","1.0935","1.0813","1.0953","1.0768","","1.18%"
"03/29/2020","1.0808","1.1136","1.1145","1.0773","","-2.98%"
"03/22/2020","1.1140","1.0696","1.1148","1.0637","","4.17%"
"03/15/2020","1.0694","1.1085","1.1237","1.0637","","-3.70%"
"03/08/2020","1.1105","1.1292","1.1494","1.1054","","-1.60%"
"03/01/2020","1.1285","1.1003","1.1356","1.1003","","2.36%"
"02/23/2020","1.1025","1.0841","1.1054","1.0805","","1.68%"
"02/16/2020","1.0843","1.0832","1.0864","1.0776","","0.12%"
"02/09/2020","1.0830","1.0951","1.0958","1.0827","","-1.03%"
"02/02/2020","1.0943","1.1092","1.1096","1.0941","","-1.35%"
"01/26/2020","1.1093","1.1021","1.1097","1.0991","","0.64%"
"01/19/2020","1.1023","1.1092","1.1119","1.1020","","-0.59%"
"01/12/2020","1.1088","1.1125","1.1173","1.1085","","-0.29%"
"01/05/2020","1.1120","1.1168","1.1207","1.1085","","-0.34%"
"12/29/2019","1.1158","1.1175","1.1240","1.1125","","-0.15%"
"12/22/2019","1.1175","1.1081","1.1188","1.1069","","0.88%"
"12/15/2019","1.1078","1.1122","1.1176","1.1065","","-0.37%"
"12/08/2019","1.1119","1.1055","1.1200","1.1052","","0.56%"
"12/01/2019","1.1057","1.1014","1.1116","1.1003","","0.38%"
"11/24/2019","1.1015","1.1024","1.1033","1.0980","","-0.06%"
"11/17/2019","1.1022","1.1052","1.1098","1.1014","","-0.25%"
"11/10/2019","1.1050","1.1022","1.1058","1.0989","","0.31%"
"11/03/2019","1.1016","1.1165","1.1176","1.1016","","-1.33%"
"10/27/2019","1.1165","1.1082","1.1176","1.1073","","0.79%"
"10/20/2019","1.1078","1.1143","1.1180","1.1072","","-0.81%"
"10/13/2019","1.1169","1.1044","1.1173","1.0991","","1.17%"
"10/06/2019","1.1040","1.0976","1.1063","1.0941","","0.58%"
"09/29/2019","1.0976","1.0940","1.1000","1.0878","","0.35%"
"09/22/2019","1.0938","1.1016","1.1027","1.0905","","-0.72%"
"09/15/2019","1.1017","1.1087","1.1093","1.0990","","-0.51%"
"09/08/2019","1.1073","1.1024","1.1110","1.0927","","0.42%"
"09/01/2019","1.1027","1.0989","1.1085","1.0926","","0.35%"
"08/25/2019","1.0989","1.1145","1.1166","1.0963","","-1.39%"
"08/18/2019","1.1144","1.1092","1.1154","1.1051","","0.50%"
"08/11/2019","1.1089","1.1202","1.1230","1.1065","","-0.97%"
"08/04/2019","1.1198","1.1101","1.1249","1.1101","","0.82%"
"07/28/2019","1.1107","1.1126","1.1162","1.1025","","-0.16%"
"07/21/2019","1.1125","1.1216","1.1225","1.1100","","-0.85%"
"07/14/2019","1.1220","1.1267","1.1284","1.1198","","-0.43%"
"07/07/2019","1.1269","1.1221","1.1285","1.1192","","0.40%"
"06/30/2019","1.1224","1.1374","1.1374","1.1205","","-1.27%"
"06/23/2019","1.1368","1.1359","1.1412","1.1342","","0.02%"
"06/16/2019","1.1366","1.1214","1.1377","1.1179","","1.42%"
"06/09/2019","1.1207","1.1322","1.1343","1.1200","","-1.09%"
"06/02/2019","1.1331","1.1167","1.1347","1.1154","","1.47%"
"05/26/2019","1.1167","1.1194","1.1215","1.1114","","-0.31%"
"05/19/2019","1.1202","1.1157","1.1212","1.1106","","0.41%"
"05/12/2019","1.1156","1.1240","1.1265","1.1153","","-0.69%"
"05/05/2019","1.1233","1.1170","1.1253","1.1158","","0.29%"
"04/28/2019","1.1200","1.1152","1.1265","1.1133","","0.47%"
"04/21/2019","1.1148","1.1244","1.1263","1.1110","","-0.87%"
"04/14/2019","1.1246","1.1298","1.1324","1.1224","","-0.48%"
"04/07/2019","1.1300","1.1216","1.1325","1.1211","","0.77%"
"03/31/2019","1.1214","1.1216","1.1255","1.1181","","-0.03%"
"03/24/2019","1.1217","1.1292","1.1332","1.1207","","-0.85%"
"03/17/2019","1.1313","1.1322","1.1448","1.1271","","-0.11%"
"03/10/2019","1.1325","1.1238","1.1346","1.1221","","0.77%"
"03/03/2019","1.1238","1.1379","1.1396","1.1176","","-1.20%"
"02/24/2019","1.1374","1.1337","1.1422","1.1323","","0.29%"
"02/17/2019","1.1341","1.1286","1.1373","1.1274","","0.43%"
"02/10/2019","1.1293","1.1328","1.1345","1.1233","","-0.31%"
"02/03/2019","1.1328","1.1455","1.1466","1.1319","","-1.10%"
"01/27/2019","1.1454","1.1407","1.1517","1.1389","","0.37%"
"01/20/2019","1.1412","1.1370","1.1421","1.1288","","0.45%"
"01/13/2019","1.1361","1.1470","1.1493","1.1351","","-0.92%"
"01/06/2019","1.1467","1.1392","1.1571","1.1392","","0.65%"
"12/30/2018","1.1393","1.1443","1.1498","1.1308","","-0.38%"
"12/23/2018","1.1436","1.1371","1.1478","1.1342","","0.61%"
"12/16/2018","1.1367","1.1307","1.1487","1.1299","","0.53%"
"12/09/2018","1.1307","1.1402","1.1444","1.1268","","-0.61%"
"12/02/2018","1.1376","1.1314","1.1424","1.1310","","0.54%"
"11/25/2018","1.1315","1.1342","1.1402","1.1265","","-0.22%"
"11/18/2018","1.1340","1.1403","1.1473","1.1326","","-0.68%"
"11/11/2018","1.1418","1.1331","1.1422","1.1214","","0.74%"
"11/04/2018","1.1334","1.1392","1.1501","1.1315","","-0.45%"
"10/28/2018","1.1385","1.1407","1.1457","1.1301","","-0.14%"
"10/21/2018","1.1401","1.1507","1.1551","1.1334","","-0.97%"
"10/14/2018","1.1513","1.1559","1.1623","1.1432","","-0.42%"
"10/07/2018","1.1562","1.1520","1.1611","1.1430","","0.34%"
"09/30/2018","1.1523","1.1608","1.1629","1.1463","","-0.73%"
"09/23/2018","1.1608","1.1750","1.1816","1.1568","","-1.20%"
"09/16/2018","1.1749","1.1625","1.1804","1.1617","","1.04%"
"09/09/2018","1.1628","1.1559","1.1723","1.1525","","0.67%"
"09/02/2018","1.1551","1.1596","1.1660","1.1529","","-0.41%"
"08/26/2018","1.1599","1.1631","1.1734","1.1584","","-0.19%"
"08/19/2018","1.1621","1.1442","1.1640","1.1394","","1.61%"
"08/12/2018","1.1437","1.1388","1.1446","1.1299","","0.24%"
"08/05/2018","1.1410","1.1573","1.1629","1.1386","","-1.36%"
"07/29/2018","1.1567","1.1659","1.1746","1.1559","","-0.76%"
"07/22/2018","1.1656","1.1730","1.1751","1.1620","","-0.53%"
"07/15/2018","1.1718","1.1677","1.1746","1.1573","","0.28%"
"07/08/2018","1.1685","1.1746","1.1791","1.1611","","-0.51%"
"07/01/2018","1.1745","1.1651","1.1768","1.1590","","0.53%"
"06/24/2018","1.1683","1.1658","1.1721","1.1526","","0.24%"
"06/17/2018","1.1655","1.1609","1.1676","1.1508","","0.41%"
"06/10/2018","1.1607","1.1765","1.1853","1.1543","","-1.35%"
"06/03/2018","1.1766","1.1655","1.1841","1.1652","","0.91%"
"05/27/2018","1.1660","1.1652","1.1730","1.1509","","0.09%"
"05/20/2018","1.1650","1.1762","1.1831","1.1645","","-1.06%"
"05/13/2018","1.1775","1.1946","1.1997","1.1749","","-1.40%"
"05/06/2018","1.1942","1.1953","1.1979","1.1822","","-0.13%"
"04/29/2018","1.1958","1.2125","1.2140","1.1911","","-1.40%"
"04/22/2018","1.2128","1.2289","1.2292","1.2055","","-1.29%"
"04/15/2018","1.2286","1.2329","1.2414","1.2249","","-0.35%"
"04/08/2018","1.2329","1.2279","1.2397","1.2260","","0.39%"
"04/01/2018","1.2281","1.2323","1.2345","1.2214","","-0.32%"
"03/25/2018","1.2321","1.2348","1.2477","1.2283","","-0.24%"
"03/18/2018","1.2351","1.2284","1.2389","1.2239","","0.52%"
"03/11/2018","1.2287","1.2311","1.2414","1.2260","","-0.15%"
"03/04/2018","1.2305","1.2324","1.2448","1.2269","","-0.10%"
"02/25/2018","1.2317","1.2298","1.2356","1.2155","","0.20%"
"02/18/2018","1.2293","1.2409","1.2436","1.2260","","-0.89%"
"02/11/2018","1.2404","1.2254","1.2556","1.2234","","1.40%"
"02/04/2018","1.2233","1.2457","1.2476","1.2205","","-1.82%"
"01/28/2018","1.2460","1.2427","1.2523","1.2335","","0.33%"
"01/21/2018","1.2419","1.2266","1.2538","1.2213","","1.63%"
"01/14/2018","1.2220","1.2197","1.2323","1.2164","","0.29%"
"01/07/2018","1.2185","1.2029","1.2189","1.1916","","1.31%"
"12/31/2017","1.2028","1.2002","1.2090","1.1995","","0.27%"
"12/24/2017","1.1996","1.1851","1.2030","1.1842","","1.17%"
"12/17/2017","1.1857","1.1755","1.1903","1.1738","","0.89%"
"12/10/2017","1.1752","1.1769","1.1863","1.1717","","-0.10%"
"12/03/2017","1.1764","1.1881","1.1890","1.1730","","-1.05%"
"11/26/2017","1.1889","1.1932","1.1961","1.1809","","-0.34%"
"11/19/2017","1.1930","1.1791","1.1945","1.1713","","1.16%"
"11/12/2017","1.1793","1.1666","1.1861","1.1637","","1.11%"
"11/05/2017","1.1663","1.1610","1.1679","1.1553","","0.48%"
"10/29/2017","1.1607","1.1603","1.1691","1.1594","","-0.01%"
"10/22/2017","1.1608","1.1773","1.1838","1.1574","","-1.49%"
"10/15/2017","1.1783","1.1825","1.1859","1.1730","","-0.33%"
"10/08/2017","1.1822","1.1729","1.1881","1.1717","","0.76%"
"10/01/2017","1.1733","1.1818","1.1818","1.1668","","-0.67%"
"09/24/2017","1.1812","1.1953","1.1961","1.1717","","-1.17%"
"09/17/2017","1.1952","1.1949","1.2033","1.1861","","0.09%"
"09/10/2017","1.1941","1.2040","1.2040","1.1838","","-0.76%"
"09/03/2017","1.2033","1.1859","1.2093","1.1853","","1.48%"
"08/27/2017","1.1857","1.1925","1.2070","1.1823","","-0.56%"
"08/20/2017","1.1924","1.1753","1.1942","1.1731","","1.39%"
"08/13/2017","1.1760","1.1807","1.1839","1.1662","","-0.51%"
"08/06/2017","1.1820","1.1768","1.1847","1.1688","","0.44%"
"07/30/2017","1.1768","1.1738","1.1910","1.1723","","0.15%"
"07/23/2017","1.1750","1.1660","1.1777","1.1612","","0.76%"
"07/16/2017","1.1661","1.1464","1.1683","1.1434","","1.69%"
"07/09/2017","1.1467","1.1393","1.1490","1.1370","","0.59%"
"07/02/2017","1.1400","1.1421","1.1441","1.1312","","-0.20%"
"06/25/2017","1.1423","1.1201","1.1446","1.1171","","2.06%"
"06/18/2017","1.1192","1.1200","1.1215","1.1118","","-0.04%"
"06/11/2017","1.1197","1.1195","1.1296","1.1132","","0.04%"
"06/04/2017","1.1192","1.1279","1.1286","1.1166","","-0.78%"
"05/28/2017","1.1280","1.1179","1.1286","1.1109","","0.88%"
"05/21/2017","1.1182","1.1202","1.1269","1.1159","","-0.20%"
"05/14/2017","1.1204","1.0927","1.1213","1.0921","","2.53%"
"05/07/2017","1.0928","1.0999","1.1025","1.0839","","-0.61%"
"04/30/2017","1.0995","1.0907","1.1001","1.0875","","0.92%"
"04/23/2017","1.0895","1.0891","1.0951","1.0820","","1.58%"
"04/16/2017","1.0726","1.0615","1.0778","1.0602","","1.10%"
"04/09/2017","1.0609","1.0592","1.0678","1.0569","","0.20%"
"04/02/2017","1.0588","1.0661","1.0690","1.0580","","-0.57%"
"03/26/2017","1.0649","1.0797","1.0905","1.0651","","-1.37%"
"03/19/2017","1.0797","1.0739","1.0826","1.0718","","0.57%"
"03/12/2017","1.0736","1.0674","1.0783","1.0599","","0.60%"
"03/05/2017","1.0672","1.0617","1.0702","1.0526","","0.46%"
"02/26/2017","1.0623","1.0563","1.0633","1.0495","","0.57%"
"02/19/2017","1.0563","1.0617","1.0636","1.0495","","-0.48%"
"02/12/2017","1.0614","1.0635","1.0683","1.0523","","-0.25%"
"02/05/2017","1.0641","1.0783","1.0803","1.0609","","-1.33%"
"01/29/2017","1.0784","1.0692","1.0831","1.0620","","0.79%"
"01/22/2017","1.0699","1.0688","1.0779","1.0660","","-0.04%"
"01/15/2017","1.0703","1.0619","1.0722","1.0581","","0.55%"
"01/08/2017","1.0644","1.0540","1.0687","1.0455","","1.05%"
"01/01/2017","1.0533","1.0532","1.0624","1.0342","","0.16%"
"12/25/2016","1.0516","1.0454","1.0654","1.0372","","0.57%"
"12/18/2016","1.0456","1.0445","1.0501","1.0353","","0.05%"
"12/11/2016","1.0451","1.0554","1.0673","1.0368","","-1.05%"
"12/04/2016","1.0562","1.0675","1.0875","1.0506","","-1.04%"
"11/27/2016","1.0673","1.0596","1.0692","1.0554","","0.81%"
"11/20/2016","1.0587","1.0584","1.0661","1.0518","","-0.01%"
"11/13/2016","1.0588","1.0850","1.0852","1.0570","","-2.47%"
"11/06/2016","1.0856","1.1140","1.1305","1.0833","","-2.53%"
"10/30/2016","1.1138","1.0987","1.1146","1.0937","","1.37%"
"10/23/2016","1.0987","1.0880","1.0995","1.0852","","0.95%"
"10/16/2016","1.0884","1.0974","1.1041","1.0859","","-0.79%"
"10/09/2016","1.0971","1.1197","1.1203","1.0968","","-2.05%"
"10/02/2016","1.1201","1.1235","1.1245","1.1103","","-0.36%"
"09/25/2016","1.1241","1.1224","1.1281","1.1153","","0.13%"
"09/18/2016","1.1226","1.1164","1.1261","1.1123","","0.64%"
"09/11/2016","1.1155","1.1232","1.1285","1.1147","","-0.69%"
"09/04/2016","1.1233","1.1153","1.1329","1.1140","","0.69%"
"08/28/2016","1.1156","1.1194","1.1254","1.1124","","-0.38%"
"08/21/2016","1.1198","1.1305","1.1357","1.1180","","-1.13%"
"08/14/2016","1.1326","1.1162","1.1366","1.1153","","1.48%"
"08/07/2016","1.1161","1.1088","1.1224","1.1070","","0.69%"
"07/31/2016","1.1085","1.1174","1.1234","1.1043","","-0.80%"
"07/24/2016","1.1174","1.0972","1.1200","1.0954","","1.80%"
"07/17/2016","1.0976","1.1042","1.1087","1.0954","","-0.54%"
"07/10/2016","1.1036","1.1052","1.1166","1.1016","","-0.17%"
"07/03/2016","1.1055","1.1142","1.1185","1.1001","","-0.73%"
"06/26/2016","1.1136","1.1069","1.1169","1.0969","","0.17%"
"06/19/2016","1.1117","1.1283","1.1434","1.0911","","-1.42%"
"06/12/2016","1.1277","1.1254","1.1305","1.1132","","0.23%"
"06/05/2016","1.1251","1.1351","1.1417","1.1245","","-1.02%"
"05/29/2016","1.1367","1.1116","1.1377","1.1098","","2.27%"
"05/22/2016","1.1115","1.1216","1.1244","1.1107","","-0.97%"
"05/15/2016","1.1224","1.1309","1.1349","1.1180","","-0.74%"
"05/08/2016","1.1308","1.1402","1.1449","1.1284","","-0.85%"
"05/01/2016","1.1405","1.1447","1.1617","1.1387","","-0.45%"
"04/24/2016","1.1456","1.1230","1.1461","1.1215","","1.98%"
"04/17/2016","1.1234","1.1299","1.1398","1.1220","","-0.43%"
"04/10/2016","1.1283","1.1408","1.1467","1.1235","","-1.04%"
"04/03/2016","1.1401","1.1394","1.1456","1.1327","","0.12%"
"03/27/2016","1.1387","1.1162","1.1439","1.1153","","1.98%"
"03/20/2016","1.1166","1.1271","1.1287","1.1145","","-0.92%"
"03/13/2016","1.1270","1.1152","1.1345","1.1058","","1.05%"
"03/06/2016","1.1153","1.1009","1.1220","1.0823","","1.35%"
"02/28/2016","1.1004","1.0933","1.1045","1.0826","","0.64%"
"02/21/2016","1.0934","1.1128","1.1137","1.0913","","-1.81%"
"02/14/2016","1.1135","1.1252","1.1254","1.1066","","-1.11%"
"02/07/2016","1.1260","1.1159","1.1378","1.1086","","0.91%"
"01/31/2016","1.1159","1.0834","1.1246","1.0815","","2.97%"
"01/24/2016","1.0837","1.0799","1.0970","1.0789","","0.37%"
"01/17/2016","1.0797","1.0919","1.0978","1.0780","","-1.10%"
"01/10/2016","1.0917","1.0925","1.0987","1.0806","","-0.14%"
"01/03/2016","1.0932","1.0858","1.0949","1.0712","","0.66%"
"12/27/2015","1.0860","1.0964","1.0994","1.0845","","-1.07%"
"12/20/2015","1.0977","1.0865","1.0988","1.0850","","1.00%"
"12/13/2015","1.0868","1.0986","1.1062","1.0802","","-1.11%"
"12/06/2015","1.0990","1.0860","1.1043","1.0796","","0.96%"
"11/29/2015","1.0886","1.0592","1.0982","1.0540","","2.77%"
"11/22/2015","1.0593","1.0648","1.0692","1.0568","","-0.50%"
"11/15/2015","1.0646","1.0752","1.0781","1.0618","","-1.23%"
"11/08/2015","1.0779","1.0737","1.0831","1.0675","","0.35%"
"11/01/2015","1.0741","1.1016","1.1054","1.0709","","-2.40%"
"10/25/2015","1.1005","1.1007","1.1096","1.0895","","-0.12%"
"10/18/2015","1.1018","1.1353","1.1389","1.0997","","-2.89%"
"10/11/2015","1.1346","1.1355","1.1496","1.1334","","-0.11%"
"10/04/2015","1.1358","1.1223","1.1391","1.1174","","1.31%"
"09/27/2015","1.1211","1.1195","1.1319","1.1135","","0.14%"
"09/20/2015","1.1195","1.1281","1.1329","1.1103","","-0.97%"
"09/13/2015","1.1305","1.1336","1.1460","1.1213","","-0.31%"
"09/06/2015","1.1340","1.1158","1.1349","1.1120","","1.73%"
"08/30/2015","1.1147","1.1174","1.1332","1.1087","","-0.29%"
"08/23/2015","1.1179","1.1361","1.1711","1.1156","","-1.84%"
"08/16/2015","1.1389","1.1107","1.1394","1.1018","","2.55%"
"08/09/2015","1.1106","1.0966","1.1213","1.0924","","1.25%"
"08/02/2015","1.0969","1.0972","1.0998","1.0851","","-0.17%"
"07/26/2015","1.0988","1.0972","1.1129","1.0893","","0.04%"
"07/19/2015","1.0984","1.0833","1.1020","1.0810","","1.42%"
"07/12/2015","1.0830","1.1106","1.1198","1.0828","","-2.99%"
"07/05/2015","1.1164","1.0994","1.1218","1.0917","","0.45%"
"06/28/2015","1.1114","1.1032","1.1280","1.0955","","-0.47%"
"06/21/2015","1.1166","1.1364","1.1412","1.1131","","-1.65%"
"06/14/2015","1.1353","1.1226","1.1437","1.1189","","0.75%"
"06/07/2015","1.1269","1.1114","1.1385","1.1081","","1.40%"
"05/31/2015","1.1113","1.0988","1.1381","1.0888","","1.14%"
"05/24/2015","1.0988","1.1004","1.1010","1.0819","","-0.27%"
"05/17/2015","1.1018","1.1442","1.1451","1.1003","","-3.80%"
"05/10/2015","1.1453","1.1198","1.1467","1.1132","","2.22%"
"05/03/2015","1.1204","1.1201","1.1393","1.1066","","0.03%"
"04/26/2015","1.1201","1.0872","1.1291","1.0819","","3.01%"
"04/19/2015","1.0874","1.0822","1.0901","1.0660","","0.62%"
"04/12/2015","1.0807","1.0602","1.0850","1.0521","","1.91%"
"04/05/2015","1.0604","1.0990","1.1037","1.0569","","-3.41%"
"03/29/2015","1.0978","1.0889","1.1028","1.0714","","0.82%"
"03/22/2015","1.0889","1.0837","1.1053","1.0768","","0.62%"
"03/15/2015","1.0822","1.0494","1.1033","1.0458","","3.12%"
"03/08/2015","1.0495","1.0832","1.0908","1.0462","","-3.22%"
"03/01/2015","1.0844","1.1187","1.1241","1.0841","","-3.14%"
"02/22/2015","1.1196","1.1384","1.1415","1.1178","","-1.63%"
"02/15/2015","1.1381","1.1386","1.1453","1.1280","","-0.04%"
"02/08/2015","1.1385","1.1317","1.1443","1.1272","","0.61%"
"02/01/2015","1.1316","1.1284","1.1535","1.1280","","0.25%"
"01/25/2015","1.1288","1.1186","1.1424","1.1100","","0.71%"
"01/18/2015","1.1208","1.1550","1.1675","1.1114","","-3.12%"
"01/11/2015","1.1569","1.1840","1.1872","1.1462","","-2.31%"
"01/04/2015","1.1842","1.2004","1.2008","1.1756","","-1.34%"
"12/28/2014","1.2003","1.2184","1.2223","1.2002","","-1.42%"
"12/21/2014","1.2176","1.2227","1.2273","1.2166","","-0.43%"
"12/14/2014","1.2228","1.2464","1.2571","1.2222","","-1.88%"
"12/07/2014","1.2462","1.2279","1.2496","1.2247","","1.43%"
"11/30/2014","1.2286","1.2455","1.2507","1.2271","","-1.33%"
"11/23/2014","1.2452","1.2378","1.2533","1.2359","","0.50%"
"11/16/2014","1.2390","1.2528","1.2602","1.2375","","-1.07%"
"11/09/2014","1.2524","1.2453","1.2549","1.2395","","0.56%"
"11/02/2014","1.2454","1.2517","1.2579","1.2360","","-0.57%"
"10/26/2014","1.2525","1.2682","1.2771","1.2485","","-1.14%"
"10/19/2014","1.2670","1.2757","1.2839","1.2612","","-0.73%"
"10/12/2014","1.2763","1.2637","1.2887","1.2620","","1.07%"
"10/05/2014","1.2628","1.2508","1.2792","1.2503","","0.89%"
"09/28/2014","1.2517","1.2685","1.2716","1.2500","","-1.32%"
"09/21/2014","1.2685","1.2828","1.2902","1.2677","","-1.12%"
"09/14/2014","1.2829","1.2976","1.2995","1.2827","","-1.05%"
"09/07/2014","1.2965","1.2943","1.2980","1.2859","","0.12%"
"08/31/2014","1.2950","1.3138","1.3161","1.2919","","-1.39%"
"08/24/2014","1.3133","1.3218","1.3220","1.3131","","-0.83%"
"08/17/2014","1.3243","1.3394","1.3401","1.3220","","-1.16%"
"08/10/2014","1.3399","1.3401","1.3416","1.3336","","-0.09%"
"08/03/2014","1.3411","1.3427","1.3434","1.3332","","-0.14%"
"07/27/2014","1.3430","1.3432","1.3445","1.3367","","-0.01%"
"07/20/2014","1.3432","1.3529","1.3552","1.3422","","-0.69%"
"07/13/2014","1.3525","1.3601","1.3639","1.3491","","-0.62%"
"07/06/2014","1.3609","1.3596","1.3651","1.3575","","0.10%"
"06/29/2014","1.3596","1.3647","1.3702","1.3586","","-0.39%"
"06/22/2014","1.3649","1.3595","1.3653","1.3574","","0.37%"
"06/15/2014","1.3599","1.3535","1.3643","1.3512","","0.42%"
"06/08/2014","1.3542","1.3643","1.3668","1.3510","","-0.74%"
"06/01/2014","1.3643","1.3634","1.3678","1.3504","","0.09%"
"05/25/2014","1.3631","1.3626","1.3669","1.3585","","-0.02%"
"05/18/2014","1.3634","1.3702","1.3735","1.3615","","-0.45%"
"05/11/2014","1.3695","1.3752","1.3777","1.3649","","-0.47%"
"05/04/2014","1.3760","1.3873","1.3995","1.3746","","-0.79%"
"04/27/2014","1.3870","1.3834","1.3889","1.3775","","0.27%"
"04/20/2014","1.3833","1.3810","1.3856","1.3785","","0.13%"
"04/13/2014","1.3815","1.3838","1.3867","1.3790","","-0.50%"
"04/06/2014","1.3885","1.3697","1.3907","1.3690","","1.33%"
"03/30/2014","1.3703","1.3755","1.3820","1.3672","","-0.36%"
"03/23/2014","1.3753","1.3792","1.3876","1.3705","","-0.30%"
"03/16/2014","1.3794","1.3912","1.3950","1.3750","","-0.86%"
"03/09/2014","1.3914","1.3874","1.3967","1.3832","","0.26%"
"03/02/2014","1.3878","1.3787","1.3917","1.3708","","0.54%"
"02/23/2014","1.3803","1.3735","1.3824","1.3641","","0.46%"
"02/16/2014","1.3740","1.3689","1.3776","1.3688","","0.34%"
"02/09/2014","1.3693","1.3634","1.3718","1.3563","","0.43%"
"02/02/2014","1.3635","1.3494","1.3642","1.3477","","1.10%"
"01/26/2014","1.3487","1.3677","1.3718","1.3480","","-1.40%"
"01/19/2014","1.3678","1.3544","1.3741","1.3509","","1.01%"
"01/12/2014","1.3541","1.3670","1.3700","1.3517","","-0.94%"
"01/05/2014","1.3670","1.3590","1.3689","1.3550","","0.60%"
"12/29/2013","1.3588","1.3744","1.3821","1.3582","","-1.12%"
"12/22/2013","1.3742","1.3670","1.3893","1.3654","","0.51%"
"12/15/2013","1.3672","1.3739","1.3811","1.3624","","-0.52%"
"12/08/2013","1.3743","1.3721","1.3812","1.3694","","0.27%"
"12/01/2013","1.3706","1.3590","1.3708","1.3525","","0.85%"
"11/24/2013","1.3590","1.3550","1.3622","1.3491","","0.24%"
"11/17/2013","1.3558","1.3501","1.3578","1.3399","","0.47%"
"11/10/2013","1.3495","1.3361","1.3506","1.3344","","0.93%"
"11/03/2013","1.3371","1.3489","1.3548","1.3296","","-0.86%"
"10/27/2013","1.3487","1.3805","1.3819","1.3481","","-2.30%"
"10/20/2013","1.3805","1.3687","1.3833","1.3650","","0.88%"
"10/13/2013","1.3685","1.3544","1.3704","1.3472","","1.06%"
"10/06/2013","1.3542","1.3556","1.3608","1.3486","","-0.12%"
"09/29/2013","1.3558","1.3479","1.3646","1.3467","","0.27%"
"09/22/2013","1.3522","1.3546","1.3565","1.3461","","-0.01%"
"09/15/2013","1.3524","1.3307","1.3570","1.3297","","1.73%"
"09/08/2013","1.3294","1.3170","1.3326","1.3160","","0.86%"
"09/01/2013","1.3180","1.3233","1.3237","1.3104","","-0.32%"
"08/25/2013","1.3222","1.3384","1.3401","1.3175","","-1.20%"
"08/18/2013","1.3382","1.3327","1.3453","1.3298","","0.40%"
"08/11/2013","1.3329","1.3338","1.3380","1.3205","","-0.10%"
"08/04/2013","1.3343","1.3274","1.3401","1.3232","","0.45%"
"07/28/2013","1.3283","1.3274","1.3346","1.3190","","0.03%"
"07/21/2013","1.3279","1.3140","1.3297","1.3129","","1.04%"
"07/14/2013","1.3142","1.3066","1.3176","1.2994","","0.57%"
"07/07/2013","1.3068","1.2826","1.3203","1.2756","","1.84%"
"06/30/2013","1.2832","1.3007","1.3080","1.2807","","-1.37%"
"06/23/2013","1.3010","1.3117","1.3152","1.2985","","-0.86%"
"06/16/2013","1.3123","1.3341","1.3416","1.3099","","-1.68%"
"06/09/2013","1.3347","1.3207","1.3391","1.3177","","0.94%"
"06/02/2013","1.3223","1.2983","1.3305","1.2955","","1.72%"
"05/26/2013","1.2999","1.2929","1.3065","1.2841","","0.52%"
"05/19/2013","1.2932","1.2812","1.3001","1.2805","","0.72%"
"05/12/2013","1.2839","1.2957","1.3029","1.2796","","-1.19%"
"05/05/2013","1.2993","1.3114","1.3195","1.2936","","-0.93%"
"04/28/2013","1.3115","1.3031","1.3244","1.3028","","0.67%"
"04/21/2013","1.3028","1.3081","1.3095","1.2957","","-0.18%"
"04/14/2013","1.3052","1.3132","1.3202","1.3001","","-0.46%"
"04/07/2013","1.3112","1.2974","1.3139","1.2962","","0.94%"
"03/31/2013","1.2990","1.2814","1.3041","1.2746","","1.33%"
"03/24/2013","1.2820","1.2973","1.3051","1.2752","","-1.29%"
"03/17/2013","1.2988","1.2959","1.3011","1.2845","","-0.67%"
"03/10/2013","1.3076","1.2999","1.3109","1.2912","","0.54%"
"03/03/2013","1.3006","1.3018","1.3136","1.2957","","-0.12%"
"02/24/2013","1.3022","1.3176","1.3319","1.2967","","-1.27%"
"02/17/2013","1.3190","1.3359","1.3436","1.3146","","-1.29%"
"02/10/2013","1.3363","1.3359","1.3521","1.3306","","-0.01%"
"02/03/2013","1.3365","1.3643","1.3660","1.3354","","-2.02%"
"01/27/2013","1.3640","1.3464","1.3712","1.3414","","1.32%"
"01/20/2013","1.3462","1.3321","1.3481","1.3264","","1.07%"
"01/13/2013","1.3319","1.3342","1.3405","1.3258","","-0.19%"
"01/06/2013","1.3344","1.3071","1.3366","1.3017","","2.10%"
"12/30/2012","1.3069","1.3213","1.3301","1.2999","","-1.11%"
"12/23/2012","1.3216","1.3190","1.3287","1.3167","","0.21%"
"12/16/2012","1.3188","1.3190","1.3310","1.3144","","0.19%"
"12/09/2012","1.3163","1.2902","1.3175","1.2880","","1.83%"
"12/02/2012","1.2927","1.2986","1.3129","1.2881","","-0.45%"
"11/25/2012","1.2986","1.2973","1.3028","1.2879","","0.08%"
"11/18/2012","1.2976","1.2738","1.2992","1.2729","","1.82%"
"11/11/2012","1.2744","1.2712","1.2803","1.2662","","0.28%"
"11/04/2012","1.2709","1.2812","1.2877","1.2689","","-1.00%"
"10/28/2012","1.2837","1.2948","1.3022","1.2820","","-0.81%"
"10/21/2012","1.2942","1.3014","1.3085","1.2883","","-0.61%"
"10/14/2012","1.3022","1.2956","1.3140","1.2890","","0.56%"
"10/07/2012","1.2950","1.3030","1.3035","1.2824","","-0.64%"
"09/30/2012","1.3034","1.2859","1.3072","1.2803","","1.37%"
"09/23/2012","1.2858","1.2980","1.2990","1.2828","","-0.94%"
"09/16/2012","1.2980","1.3127","1.3169","1.2919","","-1.12%"
"09/09/2012","1.3127","1.2809","1.3171","1.2755","","2.43%"
"09/02/2012","1.2816","1.2567","1.2818","1.2501","","1.90%"
"08/26/2012","1.2577","1.2512","1.2638","1.2465","","0.51%"
"08/19/2012","1.2513","1.2344","1.2590","1.2294","","1.45%"
"08/12/2012","1.2334","1.2280","1.2386","1.2255","","0.36%"
"08/05/2012","1.2290","1.2378","1.2443","1.2239","","-0.78%"
"07/29/2012","1.2387","1.2342","1.2406","1.2134","","0.55%"
"07/22/2012","1.2319","1.2119","1.2390","1.2041","","1.33%"
"07/15/2012","1.2157","1.2255","1.2322","1.2144","","-0.78%"
"07/08/2012","1.2252","1.2271","1.2334","1.2161","","-0.29%"
"07/01/2012","1.2288","1.2672","1.2674","1.2260","","-2.94%"
"06/24/2012","1.2660","1.2553","1.2694","1.2407","","0.72%"
"06/17/2012","1.2570","1.2722","1.2749","1.2520","","-0.54%"
"06/10/2012","1.2638","1.2659","1.2670","1.2443","","0.97%"
"06/03/2012","1.2517","1.2433","1.2626","1.2386","","0.66%"
"05/27/2012","1.2435","1.2569","1.2626","1.2288","","-0.66%"
"05/20/2012","1.2517","1.2783","1.2826","1.2497","","-2.08%"
"05/13/2012","1.2783","1.2882","1.2905","1.2641","","-1.04%"
"05/06/2012","1.2917","1.3030","1.3067","1.2905","","-1.27%"
"04/29/2012","1.3083","1.3241","1.3285","1.3079","","-1.30%"
"04/22/2012","1.3255","1.3194","1.3273","1.3106","","0.23%"
"04/15/2012","1.3224","1.3068","1.3228","1.2995","","1.12%"
"04/08/2012","1.3077","1.3102","1.3215","1.3034","","-0.15%"
"04/01/2012","1.3096","1.3360","1.3382","1.3035","","-1.86%"
"03/25/2012","1.3344","1.3272","1.3386","1.3191","","0.53%"
"03/18/2012","1.3273","1.3181","1.3295","1.3135","","0.74%"
"03/11/2012","1.3175","1.3112","1.3193","1.3004","","0.47%"
"03/04/2012","1.3114","1.3190","1.3291","1.3096","","-0.67%"
"02/26/2012","1.3203","1.3466","1.3487","1.3188","","-1.89%"
"02/19/2012","1.3457","1.3187","1.3489","1.3175","","2.32%"
"02/12/2012","1.3152","1.3207","1.3283","1.2973","","-0.17%"
"02/05/2012","1.3175","1.3113","1.3323","1.3028","","0.24%"
"01/29/2012","1.3144","1.3224","1.3230","1.3024","","-0.62%"
"01/22/2012","1.3226","1.2872","1.3230","1.2872","","2.23%"
"01/15/2012","1.2938","1.2637","1.2986","1.2624","","2.06%"
"01/08/2012","1.2677","1.2691","1.2879","1.2624","","-0.35%"
"01/01/2012","1.2721","1.2938","1.3077","1.2696","","-1.75%"
"12/25/2011","1.2948","1.3047","1.3085","1.2858","","-0.73%"
"12/18/2011","1.3043","1.3045","1.3199","1.2982","","0.06%"
"12/11/2011","1.3035","1.3384","1.3388","1.2947","","-2.54%"
"12/04/2011","1.3375","1.3438","1.3489","1.3283","","-0.21%"
"11/27/2011","1.3403","1.3318","1.3549","1.3258","","1.28%"
"11/20/2011","1.3234","1.3506","1.3569","1.3211","","-2.04%"
"11/13/2011","1.3510","1.3807","1.3813","1.3422","","-1.76%"
"11/06/2011","1.3752","1.3838","1.3861","1.3483","","-0.32%"
"10/30/2011","1.3796","1.4150","1.4171","1.3610","","-2.49%"
"10/23/2011","1.4148","1.3866","1.4249","1.3798","","1.81%"
"10/16/2011","1.3896","1.3885","1.3916","1.3653","","0.14%"
"10/09/2011","1.3877","1.3397","1.3896","1.3378","","3.74%"
"10/02/2011","1.3377","1.3338","1.3527","1.3147","","-0.07%"
"09/25/2011","1.3386","1.3509","1.3691","1.3363","","-0.83%"
"09/18/2011","1.3498","1.3673","1.3791","1.3385","","-2.19%"
"09/11/2011","1.3800","1.3570","1.3939","1.3502","","1.08%"
"09/04/2011","1.3653","1.4167","1.4277","1.3628","","-3.89%"
"08/28/2011","1.4205","1.4498","1.4551","1.4184","","-2.03%"
"08/21/2011","1.4499","1.4376","1.4503","1.4327","","0.70%"
"08/14/2011","1.4398","1.4261","1.4520","1.4259","","1.05%"
"08/07/2011","1.4249","1.4386","1.4402","1.4103","","-0.23%"
"07/31/2011","1.4282","1.4359","1.4455","1.4056","","-0.79%"
"07/24/2011","1.4396","1.4397","1.4537","1.4229","","0.28%"
"07/17/2011","1.4356","1.4114","1.4441","1.4012","","1.43%"
"07/10/2011","1.4153","1.4218","1.4284","1.3838","","-0.82%"
"07/03/2011","1.4270","1.4543","1.4580","1.4207","","-1.76%"
"06/26/2011","1.4525","1.4193","1.4554","1.4104","","2.34%"
"06/19/2011","1.4193","1.4275","1.4444","1.4128","","-0.82%"
"06/12/2011","1.4311","1.4331","1.4501","1.4074","","-0.26%"
"06/05/2011","1.4348","1.4630","1.4699","1.4323","","-1.97%"
"05/29/2011","1.4637","1.4315","1.4645","1.4257","","2.19%"
"05/22/2011","1.4324","1.4132","1.4325","1.3971","","1.19%"
"05/15/2011","1.4155","1.4081","1.4348","1.4049","","0.24%"
"05/08/2011","1.4121","1.4370","1.4444","1.4067","","-1.32%"
"05/01/2011","1.4310","1.4825","1.4941","1.4310","","-3.32%"
"04/24/2011","1.4802","1.4561","1.4884","1.4495","","1.69%"
"04/17/2011","1.4556","1.4418","1.4650","1.4156","","0.86%"
"04/10/2011","1.4432","1.4456","1.4523","1.4365","","-0.34%"
"04/03/2011","1.4481","1.4226","1.4491","1.4152","","1.76%"
"03/27/2011","1.4231","1.4048","1.4248","1.4022","","1.04%"
"03/20/2011","1.4084","1.4184","1.4252","1.4052","","-0.67%"
"03/13/2011","1.4179","1.3964","1.4187","1.3855","","1.93%"
"03/06/2011","1.3910","1.3998","1.4040","1.3752","","-0.54%"
"02/27/2011","1.3985","1.3759","1.4009","1.3712","","1.70%"
"02/20/2011","1.3751","1.3702","1.3838","1.3525","","0.39%"
"02/13/2011","1.3697","1.3510","1.3718","1.3428","","1.09%"
"02/06/2011","1.3549","1.3564","1.3747","1.3498","","-0.27%"
"01/30/2011","1.3586","1.3599","1.3862","1.3542","","-0.20%"
"01/23/2011","1.3613","1.3638","1.3760","1.3537","","-0.04%"
"01/16/2011","1.3618","1.3384","1.3629","1.3246","","1.80%"
"01/09/2011","1.3377","1.2882","1.3458","1.2873","","3.55%"
"01/02/2011","1.2919","1.3348","1.3436","1.2906","","-3.44%"
"12/26/2010","1.3379","1.3116","1.3427","1.3073","","1.99%"
"12/19/2010","1.3118","1.3182","1.3205","1.3056","","-0.49%"
"12/12/2010","1.3182","1.3207","1.3500","1.3133","","-0.39%"
"12/05/2010","1.3234","1.3383","1.3422","1.3164","","-1.35%"
"11/28/2010","1.3415","1.3285","1.3418","1.2965","","1.30%"
"11/21/2010","1.3243","1.3717","1.3789","1.3199","","-3.24%"
"11/14/2010","1.3687","1.3712","1.3752","1.3449","","-0.04%"
"11/07/2010","1.3693","1.4053","1.4087","1.3573","","-2.43%"
"10/31/2010","1.4034","1.3964","1.4284","1.3863","","0.60%"
"10/24/2010","1.3950","1.3958","1.4083","1.3735","","-0.01%"
"10/17/2010","1.3952","1.3977","1.4053","1.3699","","-0.19%"
"10/10/2010","1.3979","1.3995","1.4160","1.3774","","0.26%"
"10/03/2010","1.3943","1.3793","1.4031","1.3638","","1.09%"
"09/26/2010","1.3792","1.3482","1.3796","1.3383","","2.23%"
"09/19/2010","1.3491","1.3055","1.3498","1.3028","","3.40%"
"09/12/2010","1.3048","1.2709","1.3162","1.2704","","2.90%"
"09/05/2010","1.2680","1.2890","1.2921","1.2645","","-1.67%"
"08/29/2010","1.2896","1.2768","1.2900","1.2626","","1.03%"
"08/22/2010","1.2765","1.2706","1.2781","1.2587","","0.45%"
"08/15/2010","1.2708","1.2761","1.2926","1.2664","","-0.35%"
"08/08/2010","1.2752","1.3292","1.3310","1.2750","","-4.01%"
"08/01/2010","1.3285","1.3063","1.3336","1.3054","","1.82%"
"07/25/2010","1.3048","1.2903","1.3109","1.2877","","1.09%"
"07/18/2010","1.2907","1.2896","1.3031","1.2733","","-0.20%"
"07/11/2010","1.2933","1.2642","1.3010","1.2523","","2.34%"
"07/04/2010","1.2637","1.2559","1.2725","1.2481","","0.59%"
"06/27/2010","1.2563","1.2374","1.2616","1.2152","","1.50%"
"06/20/2010","1.2377","1.2440","1.2470","1.2210","","-0.08%"
"06/13/2010","1.2387","1.2127","1.2419","1.2116","","2.26%"
"06/06/2010","1.2113","1.1948","1.2155","1.1878","","1.14%"
"05/30/2010","1.1976","1.2276","1.2356","1.1956","","-2.40%"
"05/23/2010","1.2270","1.2548","1.2562","1.2155","","-2.41%"
"05/16/2010","1.2573","1.2352","1.2675","1.2145","","1.70%"
"05/09/2010","1.2363","1.2935","1.3096","1.2355","","-3.13%"
"05/02/2010","1.2762","1.3343","1.3343","1.2523","","-4.03%"
"04/25/2010","1.3298","1.3347","1.3416","1.3115","","-0.66%"
"04/18/2010","1.3386","1.3480","1.3525","1.3202","","-0.84%"
"04/11/2010","1.3499","1.3623","1.3694","1.3473","","0.00%"
"04/04/2010","1.3499","1.3491","1.3541","1.3281","","-0.04%"
"03/28/2010","1.3504","1.3488","1.3593","1.3384","","0.68%"
"03/21/2010","1.3413","1.3527","1.3572","1.3268","","-0.89%"
"03/14/2010","1.3534","1.3777","1.3820","1.3502","","-1.66%"
"03/07/2010","1.3763","1.3630","1.3798","1.3535","","1.04%"
"02/28/2010","1.3622","1.3625","1.3737","1.3433","","-0.03%"
"02/21/2010","1.3626","1.3638","1.3693","1.3451","","0.08%"
"02/14/2010","1.3615","1.3613","1.3790","1.3443","","-0.02%"
"02/07/2010","1.3618","1.3666","1.3841","1.3532","","-0.34%"
"01/31/2010","1.3664","1.3864","1.4028","1.3586","","-1.44%"
"01/24/2010","1.3864","1.4160","1.4198","1.3861","","-1.94%"
"01/17/2010","1.4138","1.4339","1.4414","1.4026","","-1.72%"
"01/10/2010","1.4385","1.4433","1.4585","1.4338","","-0.19%"
"01/03/2010","1.4413","1.4324","1.4484","1.4257","","0.61%"
"12/27/2009","1.4326","1.4378","1.4461","1.4274","","-0.49%"
"12/20/2009","1.4397","1.4305","1.4436","1.4217","","0.38%"
"12/13/2009","1.4343","1.4625","1.4686","1.4259","","-1.91%"
"12/06/2009","1.4623","1.4853","1.4907","1.4585","","-1.54%"
"11/29/2009","1.4851","1.5010","1.5141","1.4819","","-0.78%"
"11/22/2009","1.4967","1.4860","1.5146","1.4828","","0.71%"
"11/15/2009","1.4861","1.4924","1.5017","1.4798","","-0.38%"
"11/08/2009","1.4917","1.4887","1.5051","1.4822","","0.46%"
"11/01/2009","1.4849","1.4714","1.4919","1.4625","","0.89%"
"10/25/2009","1.4718","1.5001","1.5064","1.4684","","-1.90%"
"10/18/2009","1.5003","1.4895","1.5063","1.4830","","0.65%"
"10/11/2009","1.4906","1.4725","1.4970","1.4678","","1.19%"
"10/04/2009","1.4730","1.4593","1.4820","1.4582","","1.08%"
"09/27/2009","1.4572","1.4700","1.4723","1.4482","","-0.79%"
"09/20/2009","1.4688","1.4690","1.4844","1.4607","","-0.15%"
"09/13/2009","1.4710","1.4598","1.4769","1.4517","","0.96%"
"09/06/2009","1.4570","1.4311","1.4637","1.4303","","1.94%"
"08/30/2009","1.4293","1.4308","1.4380","1.4178","","-0.04%"
"08/23/2009","1.4299","1.4344","1.4407","1.4207","","-0.17%"
"08/16/2009","1.4323","1.4188","1.4378","1.4047","","0.83%"
"08/09/2009","1.4205","1.4176","1.4330","1.4085","","0.12%"
"08/02/2009","1.4188","1.4269","1.4449","1.4155","","-0.44%"
"07/26/2009","1.4250","1.4228","1.4306","1.4008","","0.32%"
"07/19/2009","1.4205","1.4117","1.4294","1.4110","","0.75%"
"07/12/2009","1.4099","1.3948","1.4168","1.3898","","1.19%"
"07/05/2009","1.3933","1.3958","1.4075","1.3833","","-0.22%"
"06/28/2009","1.3964","1.4065","1.4204","1.3930","","-0.63%"
"06/21/2009","1.4053","1.3952","1.4141","1.3826","","0.79%"
"06/14/2009","1.3943","1.3989","1.4014","1.3750","","-0.58%"
"06/07/2009","1.4024","1.3945","1.4180","1.3806","","0.35%"
"05/31/2009","1.3975","1.4125","1.4340","1.3933","","-1.26%"
"05/24/2009","1.4154","1.4035","1.4171","1.3793","","1.14%"
"05/17/2009","1.3994","1.3487","1.4053","1.3423","","3.69%"
"05/10/2009","1.3496","1.3649","1.3725","1.3464","","-1.11%"
"05/03/2009","1.3647","1.3285","1.3651","1.3209","","2.87%"
"04/26/2009","1.3266","1.3243","1.3387","1.2965","","0.08%"
"04/19/2009","1.3255","1.3048","1.3304","1.2886","","1.64%"
"04/12/2009","1.3041","1.3190","1.3394","1.3019","","-1.11%"
"04/05/2009","1.3188","1.3512","1.3584","1.3091","","-2.19%"
"03/29/2009","1.3483","1.3227","1.3519","1.3114","","1.37%"
"03/22/2009","1.3301","1.3634","1.3738","1.3258","","-2.08%"
"03/15/2009","1.3583","1.2886","1.3740","1.2837","","5.09%"
"03/08/2009","1.2925","1.2669","1.2959","1.2554","","2.25%"
"03/01/2009","1.2641","1.2626","1.2755","1.2456","","-0.22%"
"02/22/2009","1.2669","1.2796","1.2992","1.2603","","-1.35%"
"02/15/2009","1.2843","1.2790","1.2885","1.2514","","-0.15%"
"02/08/2009","1.2862","1.2961","1.3095","1.2721","","-0.55%"
"02/01/2009","1.2933","1.2770","1.3072","1.2707","","1.18%"
"01/25/2009","1.2782","1.2971","1.3331","1.2778","","-1.62%"
"01/18/2009","1.2992","1.3328","1.3388","1.2766","","-2.35%"
"01/11/2009","1.3304","1.3474","1.3476","1.3026","","-1.01%"
"01/04/2009","1.3440","1.3904","1.3966","1.3311","","-3.16%"
"12/28/2008","1.3879","1.4062","1.4364","1.3840","","-1.31%"
"12/21/2008","1.4063","1.3934","1.4126","1.3901","","1.03%"
"12/14/2008","1.3919","1.3370","1.4722","1.3367","","4.08%"
"12/07/2008","1.3373","1.2727","1.3417","1.2717","","5.00%"
"11/30/2008","1.2736","1.2712","1.2851","1.2550","","0.30%"
"11/23/2008","1.2698","1.2592","1.3083","1.2567","","0.93%"
"11/16/2008","1.2581","1.2535","1.2816","1.2425","","-0.42%"
"11/09/2008","1.2634","1.2821","1.2930","1.2390","","-0.82%"
"11/02/2008","1.2739","1.2751","1.3119","1.2528","","0.05%"
"10/26/2008","1.2733","1.2551","1.3297","1.2331","","0.86%"
"10/19/2008","1.2624","1.3403","1.3532","1.2498","","-5.85%"
"10/12/2008","1.3409","1.3559","1.3771","1.3346","","-0.04%"
"10/05/2008","1.3414","1.3665","1.3786","1.3259","","-2.59%"
"09/28/2008","1.3771","1.4522","1.4566","1.3704","","-5.77%"
"09/21/2008","1.4615","1.4491","1.4867","1.4438","","1.03%"
"09/14/2008","1.4466","1.4315","1.4543","1.4079","","1.67%"
"09/07/2008","1.4228","1.4385","1.4430","1.3880","","-0.29%"
"08/31/2008","1.4269","1.4702","1.4719","1.4197","","-2.76%"
"08/24/2008","1.4674","1.4788","1.4813","1.4569","","-0.80%"
"08/17/2008","1.4793","1.4683","1.4909","1.4630","","0.71%"
"08/10/2008","1.4689","1.4933","1.5084","1.4657","","-2.11%"
"08/03/2008","1.5006","1.5570","1.5631","1.4996","","-3.60%"
"07/27/2008","1.5566","1.5701","1.5770","1.5513","","-0.92%"
"07/20/2008","1.5710","1.5837","1.5945","1.5628","","-0.87%"
"07/13/2008","1.5848","1.5964","1.6040","1.5784","","-0.59%"
"07/06/2008","1.5942","1.5697","1.5948","1.5610","","1.50%"
"06/29/2008","1.5706","1.5777","1.5911","1.5653","","-0.56%"
"06/22/2008","1.5795","1.5629","1.5795","1.5467","","1.22%"
"06/15/2008","1.5605","1.5410","1.5652","1.5345","","1.46%"
"06/08/2008","1.5380","1.5794","1.5846","1.5302","","-2.52%"
"06/01/2008","1.5777","1.5558","1.5777","1.5364","","1.43%"
"05/25/2008","1.5554","1.5772","1.5820","1.5462","","-1.34%"
"05/18/2008","1.5766","1.5598","1.5816","1.5486","","1.21%"
"05/11/2008","1.5577","1.5463","1.5602","1.5366","","0.61%"
"05/04/2008","1.5483","1.5434","1.5595","1.5286","","0.35%"
"04/27/2008","1.5429","1.5617","1.5693","1.5360","","-1.25%"
"04/20/2008","1.5625","1.5813","1.6020","1.5555","","-1.20%"
"04/13/2008","1.5815","1.5698","1.5985","1.5671","","0.05%"
"04/06/2008","1.5807","1.5732","1.5914","1.5627","","0.44%"
"03/30/2008","1.5737","1.5811","1.5896","1.5510","","-0.41%"
"03/23/2008","1.5802","1.5422","1.5860","1.5342","","2.40%"
"03/16/2008","1.5432","1.5725","1.5906","1.5397","","-1.55%"
"03/09/2008","1.5675","1.5364","1.5690","1.5283","","2.11%"
"03/02/2008","1.5351","1.5196","1.5461","1.5147","","1.12%"
"02/24/2008","1.5181","1.4839","1.5240","1.4779","","2.35%"
"02/17/2008","1.4832","1.4679","1.4864","1.4611","","1.04%"
"02/10/2008","1.4680","1.4518","1.4711","1.4482","","1.17%"
"02/03/2008","1.4510","1.4806","1.4851","1.4440","","-1.96%"
"01/27/2008","1.4800","1.4682","1.4954","1.4661","","0.87%"
"01/20/2008","1.4672","1.4606","1.4781","1.4365","","0.42%"
"01/13/2008","1.4611","1.4783","1.4924","1.4589","","-1.12%"
"01/06/2008","1.4777","1.4747","1.4821","1.4640","","0.22%"
"12/30/2007","1.4745","1.4720","1.4825","1.4569","","0.19%"
"12/23/2007","1.4717","1.4375","1.4729","1.4360","","2.44%"
"12/16/2007","1.4367","1.4388","1.4455","1.4310","","-0.36%"
"12/09/2007","1.4419","1.4655","1.4752","1.4411","","-1.62%"
"12/02/2007","1.4657","1.4639","1.4772","1.4528","","0.17%"
"11/25/2007","1.4632","1.4823","1.4909","1.4628","","-1.38%"
"11/18/2007","1.4837","1.4672","1.4968","1.4619","","1.21%"
"11/11/2007","1.4659","1.4670","1.4726","1.4520","","-0.12%"
"11/04/2007","1.4676","1.4514","1.4754","1.4444","","1.16%"
"10/28/2007","1.4508","1.4411","1.4528","1.4374","","0.77%"
"10/21/2007","1.4397","1.4327","1.4398","1.4125","","0.64%"
"10/14/2007","1.4305","1.4181","1.4320","1.4143","","0.89%"
"10/07/2007","1.4179","1.4147","1.4242","1.4014","","0.30%"
"09/30/2007","1.4136","1.4277","1.4282","1.4031","","-0.95%"
"09/23/2007","1.4272","1.4091","1.4279","1.4060","","1.28%"
"09/16/2007","1.4091","1.3869","1.4122","1.3828","","1.56%"
"09/09/2007","1.3875","1.3785","1.3929","1.3767","","0.78%"
"09/02/2007","1.3768","1.3629","1.3800","1.3552","","1.01%"
"08/26/2007","1.3630","1.3672","1.3721","1.3564","","-0.37%"
"08/19/2007","1.3681","1.3481","1.3682","1.3451","","1.52%"
"08/12/2007","1.3476","1.3687","1.3710","1.3359","","-1.58%"
"08/05/2007","1.3693","1.3828","1.3840","1.3641","","-0.59%"
"07/29/2007","1.3774","1.3614","1.3820","1.3609","","1.03%"
"07/22/2007","1.3634","1.3837","1.3853","1.3627","","-1.40%"
"07/15/2007","1.3827","1.3779","1.3844","1.3752","","0.31%"
"07/08/2007","1.3784","1.3632","1.3815","1.3594","","1.14%"
"07/01/2007","1.3628","1.3542","1.3661","1.3528","","0.64%"
"06/24/2007","1.3542","1.3466","1.3542","1.3415","","0.54%"
"06/17/2007","1.3469","1.3376","1.3471","1.3372","","0.61%"
"06/10/2007","1.3388","1.3361","1.3390","1.3262","","0.10%"
"06/03/2007","1.3374","1.3444","1.3555","1.3320","","-0.56%"
"05/27/2007","1.3449","1.3446","1.3521","1.3392","","0.06%"
"05/20/2007","1.3441","1.3519","1.3529","1.3411","","-0.50%"
"05/13/2007","1.3509","1.3533","1.3611","1.3465","","-0.15%"
"05/06/2007","1.3529","1.3601","1.3628","1.3462","","-0.45%"
"04/29/2007","1.3590","1.3634","1.3680","1.3531","","-0.46%"
"04/22/2007","1.3653","1.3603","1.3683","1.3540","","0.46%"
"04/15/2007","1.3591","1.3556","1.3638","1.3521","","0.46%"
"04/08/2007","1.3529","1.3373","1.3554","1.3340","","1.12%"
"04/01/2007","1.3379","1.3376","1.3444","1.3320","","0.16%"
"03/25/2007","1.3358","1.3291","1.3403","1.3255","","0.55%"
"03/18/2007","1.3285","1.3320","1.3414","1.3271","","-0.22%"
"03/11/2007","1.3314","1.3117","1.3342","1.3110","","1.53%"
"03/04/2007","1.3114","1.3203","1.3213","1.3070","","-0.61%"
"02/25/2007","1.3194","1.3163","1.3260","1.3142","","0.21%"
"02/18/2007","1.3167","1.3157","1.3190","1.3079","","0.20%"
"02/11/2007","1.3141","1.2992","1.3174","1.2941","","1.05%"
"02/04/2007","1.3005","1.2965","1.3047","1.2912","","0.28%"
"01/28/2007","1.2969","1.2919","1.3064","1.2898","","0.42%"
"01/21/2007","1.2915","1.2961","1.3045","1.2875","","-0.39%"
"01/14/2007","1.2966","1.2927","1.3002","1.2896","","0.38%"
"01/07/2007","1.2917","1.3013","1.3054","1.2866","","-0.66%"
"12/31/2006","1.3003","1.3197","1.3298","1.2980","","-1.48%"
"12/24/2006","1.3199","1.3135","1.3208","1.3091","","0.42%"
"12/17/2006","1.3144","1.3083","1.3246","1.3053","","0.47%"
"12/10/2006","1.3083","1.3178","1.3293","1.3059","","-0.89%"
"12/03/2006","1.3201","1.3333","1.3369","1.3192","","-1.01%"
"11/26/2006","1.3336","1.3172","1.3350","1.3087","","1.86%"
"11/19/2006","1.3093","1.2831","1.3112","1.2799","","2.07%"
"11/12/2006","1.2828","1.2843","1.2879","1.2761","","-0.12%"
"11/05/2006","1.2844","1.2718","1.2901","1.2688","","0.99%"
"10/29/2006","1.2718","1.2732","1.2800","1.2679","","-0.18%"
"10/22/2006","1.2741","1.2620","1.2753","1.2525","","1.01%"
"10/15/2006","1.2614","1.2500","1.2643","1.2487","","0.79%"
"10/08/2006","1.2515","1.2594","1.2620","1.2484","","-0.67%"
"10/01/2006","1.2600","1.2684","1.2770","1.2574","","-0.57%"
"09/24/2006","1.2672","1.2790","1.2824","1.2638","","-0.85%"
"09/17/2006","1.2780","1.2637","1.2835","1.2631","","1.05%"
"09/10/2006","1.2647","1.2668","1.2753","1.2630","","-0.21%"
"09/03/2006","1.2673","1.2845","1.2875","1.2649","","-1.27%"
"08/27/2006","1.2836","1.2761","1.2881","1.2748","","0.67%"
"08/20/2006","1.2750","1.2826","1.2940","1.2725","","-0.59%"
"08/13/2006","1.2826","1.2715","1.2893","1.2696","","0.82%"
"08/06/2006","1.2722","1.2884","1.2915","1.2716","","-1.18%"
"07/30/2006","1.2874","1.2768","1.2912","1.2721","","0.86%"
"07/23/2006","1.2764","1.2703","1.2775","1.2561","","0.53%"
"07/16/2006","1.2697","1.2634","1.2699","1.2459","","0.36%"
"07/09/2006","1.2651","1.2811","1.2817","1.2625","","-1.24%"
"07/02/2006","1.2810","1.2790","1.2864","1.2705","","0.16%"
"06/25/2006","1.2789","1.2505","1.2797","1.2502","","2.21%"
"06/18/2006","1.2512","1.2650","1.2683","1.2479","","-1.05%"
"06/11/2006","1.2645","1.2619","1.2678","1.2531","","0.01%"
"06/04/2006","1.2644","1.2931","1.2982","1.2596","","-2.12%"
"05/28/2006","1.2918","1.2732","1.2942","1.2720","","1.44%"
"05/21/2006","1.2735","1.2761","1.2896","1.2695","","-0.31%"
"05/14/2006","1.2774","1.2951","1.2974","1.2695","","-1.22%"
"05/07/2006","1.2932","1.2743","1.2959","1.2662","","1.63%"
"04/30/2006","1.2725","1.2628","1.2768","1.2556","","0.70%"
"04/23/2006","1.2637","1.2374","1.2642","1.2333","","2.40%"
"04/16/2006","1.2341","1.2125","1.2397","1.2123","","1.91%"
"04/09/2006","1.2110","1.2110","1.2170","1.2065","","0.17%"
"04/02/2006","1.2090","1.2122","1.2336","1.2032","","-0.24%"
"03/26/2006","1.2119","1.2039","1.2176","1.1976","","0.69%"
"03/19/2006","1.2036","1.2185","1.2199","1.1950","","-1.26%"
"03/12/2006","1.2190","1.1915","1.2208","1.1909","","2.31%"
"03/05/2006","1.1915","1.2049","1.2094","1.1859","","-1.03%"
"02/26/2006","1.2039","1.1873","1.2054","1.1824","","1.40%"
"02/19/2006","1.1873","1.1932","1.1976","1.1860","","-0.51%"
"02/12/2006","1.1934","1.1902","1.1955","1.1846","","0.29%"
"02/05/2006","1.1900","1.2037","1.2048","1.1892","","-1.03%"
"01/29/2006","1.2024","1.2106","1.2191","1.1968","","-0.63%"
"01/22/2006","1.2100","1.2140","1.2325","1.2085","","-0.31%"
"01/15/2006","1.2138","1.2149","1.2176","1.2041","","0.00%"
"01/08/2006","1.2138","1.2148","1.2165","1.2006","","-0.09%"
"01/01/2006","1.2149","1.1845","1.2182","1.1799","","2.58%"
"12/25/2005","1.1843","1.1862","1.1935","1.1778","","-0.27%"
"12/18/2005","1.1875","1.2027","1.2041","1.1799","","-1.15%"
"12/11/2005","1.2013","1.1781","1.2062","1.1777","","1.70%"
"12/04/2005","1.1812","1.1704","1.1850","1.1688","","0.81%"
"11/27/2005","1.1717","1.1715","1.1904","1.1662","","-0.06%"
"11/20/2005","1.1724","1.1775","1.1865","1.1683","","-0.37%"
"11/13/2005","1.1768","1.1723","1.1795","1.1639","","0.38%"
"11/06/2005","1.1724","1.1816","1.1838","1.1671","","-0.83%"
"10/30/2005","1.1822","1.2058","1.2092","1.1801","","-1.99%"
"10/23/2005","1.2062","1.1947","1.2176","1.1921","","0.95%"
"10/16/2005","1.1949","1.2083","1.2123","1.1875","","-1.06%"
"10/09/2005","1.2077","1.2119","1.2155","1.1911","","-0.35%"
"10/02/2005","1.2119","1.2022","1.2207","1.1900","","0.74%"
"09/25/2005","1.2030","1.2034","1.2090","1.1977","","-0.07%"
"09/18/2005","1.2039","1.2169","1.2273","1.2037","","-1.61%"
"09/11/2005","1.2236","1.2402","1.2415","1.2190","","-1.39%"
"09/04/2005","1.2409","1.2535","1.2585","1.2374","","-0.93%"
"08/28/2005","1.2525","1.2285","1.2590","1.2168","","1.97%"
"08/21/2005","1.2283","1.2163","1.2344","1.2157","","1.06%"
"08/14/2005","1.2154","1.2460","1.2460","1.2127","","-2.28%"
"08/07/2005","1.2437","1.2340","1.2487","1.2315","","0.60%"
"07/31/2005","1.2363","1.2125","1.2405","1.2119","","1.92%"
"07/24/2005","1.2130","1.2054","1.2159","1.1961","","0.52%"
"07/17/2005","1.2067","1.2022","1.2256","1.1951","","0.27%"
"07/10/2005","1.2035","1.1967","1.2258","1.1957","","0.53%"
"07/03/2005","1.1971","1.1934","1.2041","1.1867","","0.10%"
"06/26/2005","1.1959","1.2092","1.2188","1.1942","","-1.14%"
"06/19/2005","1.2097","1.2195","1.2241","1.1983","","-1.56%"
"06/12/2005","1.2289","1.2113","1.2291","1.2016","","1.37%"
"06/05/2005","1.2123","1.2225","1.2357","1.2108","","-0.92%"
"05/29/2005","1.2235","1.2534","1.2548","1.2159","","-2.70%"
"05/22/2005","1.2575","1.2546","1.2634","1.2496","","0.13%"
"05/15/2005","1.2559","1.2626","1.2691","1.2536","","-0.47%"
"05/08/2005","1.2618","1.2818","1.2915","1.2611","","-1.71%"
"05/01/2005","1.2837","1.2862","1.2992","1.2810","","-0.28%"
"04/24/2005","1.2873","1.3064","1.3065","1.2853","","-1.49%"
"04/17/2005","1.3068","1.2915","1.3127","1.2877","","1.17%"
"04/10/2005","1.2917","1.2925","1.3017","1.2767","","-0.16%"
"04/03/2005","1.2938","1.2883","1.2944","1.2799","","0.23%"
"03/27/2005","1.2908","1.2961","1.3060","1.2854","","-0.39%"
"03/20/2005","1.2958","1.3313","1.3318","1.2927","","-2.70%"
"03/13/2005","1.3318","1.3460","1.3480","1.3264","","-1.01%"
"03/06/2005","1.3454","1.3238","1.3482","1.3177","","1.61%"
"02/27/2005","1.3241","1.3243","1.3281","1.3089","","-0.02%"
"02/20/2005","1.3243","1.3045","1.3274","1.3032","","1.31%"
"02/13/2005","1.3072","1.2879","1.3091","1.2873","","1.60%"
"02/06/2005","1.2866","1.2858","1.2908","1.2731","","-0.05%"
"01/30/2005","1.2872","1.3033","1.3096","1.2863","","-1.32%"
"01/23/2005","1.3044","1.3039","1.3126","1.2942","","-0.05%"
"01/16/2005","1.3050","1.3101","1.3129","1.2921","","-0.43%"
"01/09/2005","1.3106","1.3062","1.3295","1.3051","","0.40%"
"01/02/2005","1.3054","1.3546","1.3581","1.3024","","-3.72%"
"12/26/2004","1.3558","1.3529","1.3668","1.3511","","0.20%"
"12/19/2004","1.3531","1.3335","1.3552","1.3298","","1.67%"
"12/12/2004","1.3309","1.3198","1.3446","1.3189","","0.64%"
"12/05/2004","1.3225","1.3441","1.3471","1.3137","","-1.72%"
"11/28/2004","1.3456","1.3271","1.3463","1.3230","","1.23%"
"11/21/2004","1.3293","1.3037","1.3333","1.2975","","2.10%"
"11/14/2004","1.3020","1.2977","1.3077","1.2916","","0.34%"
"11/07/2004","1.2976","1.2971","1.3007","1.2849","","0.07%"
"10/31/2004","1.2967","1.2805","1.2971","1.2658","","1.42%"
"10/24/2004","1.2785","1.2714","1.2846","1.2633","","0.77%"
"10/17/2004","1.2687","1.2479","1.2689","1.2450","","1.77%"
"10/10/2004","1.2466","1.2418","1.2508","1.2228","","0.48%"
"10/03/2004","1.2407","1.2402","1.2437","1.2247","","-0.06%"
"09/26/2004","1.2414","1.2283","1.2447","1.2247","","1.11%"
"09/19/2004","1.2278","1.2175","1.2368","1.2128","","0.65%"
"09/12/2004","1.2199","1.2270","1.2300","1.2123","","-0.51%"
"09/05/2004","1.2262","1.2062","1.2313","1.2025","","1.74%"
"08/29/2004","1.2052","1.2016","1.2226","1.1989","","0.37%"
"08/22/2004","1.2008","1.2321","1.2321","1.2004","","-2.47%"
"08/15/2004","1.2312","1.2381","1.2390","1.2278","","-0.52%"
"08/08/2004","1.2376","1.2288","1.2377","1.2173","","0.79%"
"08/01/2004","1.2279","1.2073","1.2294","1.1972","","2.15%"
"07/25/2004","1.2020","1.2107","1.2192","1.1992","","-0.61%"
"07/18/2004","1.2094","1.2442","1.2463","1.2086","","-2.88%"
"07/11/2004","1.2453","1.2411","1.2462","1.2298","","0.31%"
"07/04/2004","1.2415","1.2324","1.2424","1.2261","","0.72%"
"06/27/2004","1.2326","1.2176","1.2331","1.2067","","1.25%"
"06/20/2004","1.2174","1.2144","1.2195","1.2041","","0.26%"
"06/13/2004","1.2142","1.1984","1.2170","1.1953","","1.11%"
"06/06/2004","1.2009","1.2299","1.2354","1.1963","","-2.10%"
"05/30/2004","1.2266","1.2237","1.2306","1.2140","","0.43%"
"05/23/2004","1.2214","1.1987","1.2298","1.1932","","1.81%"
"05/16/2004","1.1997","1.1890","1.2071","1.1875","","0.98%"
"05/09/2004","1.1881","1.1877","1.1942","1.1772","","-0.03%"
"05/02/2004","1.1885","1.1996","1.2182","1.1876","","-0.81%"
"04/25/2004","1.1982","1.1808","1.2014","1.1762","","1.15%"
"04/18/2004","1.1846","1.2015","1.2083","1.1786","","-1.29%"
"04/11/2004","1.2001","1.2087","1.2102","1.1867","","-0.70%"
"04/04/2004","1.2086","1.2112","1.2223","1.1981","","-0.43%"
"03/28/2004","1.2138","1.2127","1.2391","1.2050","","0.04%"
"03/21/2004","1.2133","1.2286","1.2403","1.2072","","-1.13%"
"03/14/2004","1.2272","1.2188","1.2436","1.2176","","0.45%"
"03/07/2004","1.2217","1.2388","1.2463","1.2162","","-1.28%"
"02/29/2004","1.2376","1.2487","1.2542","1.2057","","-0.91%"
"02/22/2004","1.2490","1.2510","1.2716","1.2373","","-0.34%"
"02/15/2004","1.2532","1.2750","1.2928","1.2493","","-1.63%"
"02/08/2004","1.2740","1.2611","1.2895","1.2603","","0.28%"
"02/01/2004","1.2704","1.2471","1.2725","1.2390","","1.88%"
"01/25/2004","1.2469","1.2576","1.2665","1.2349","","-0.95%"
"01/18/2004","1.2588","1.2363","1.2778","1.2334","","1.62%"
"01/11/2004","1.2387","1.2845","1.2899","1.2351","","-3.46%"
"01/04/2004","1.2831","1.2585","1.2871","1.2561","","1.94%"
"12/28/2003","1.2587","1.2434","1.2649","1.2425","","1.26%"
"12/21/2003","1.2430","1.2404","1.2474","1.2350","","0.44%"
"12/14/2003","1.2375","1.2141","1.2440","1.2130","","0.71%"
"12/07/2003","1.2288","1.2173","1.2308","1.2112","","1.02%"
"11/30/2003","1.2164","1.1977","1.2180","1.1937","","1.42%"
"11/23/2003","1.1994","1.1910","1.2017","1.1753","","0.68%"
"11/16/2003","1.1913","1.1787","1.1980","1.1726","","1.13%"
"11/09/2003","1.1780","1.1506","1.1804","1.1444","","2.12%"
"11/02/2003","1.1535","1.1581","1.1621","1.1377","","-0.42%"
"10/26/2003","1.1584","1.1775","1.1786","1.1563","","-1.69%"
"10/19/2003","1.1783","1.1712","1.1860","1.1604","","0.85%"
"10/12/2003","1.1684","1.1810","1.1816","1.1549","","-0.97%"
"10/05/2003","1.1799","1.1574","1.1863","1.1533","","1.90%"
"09/28/2003","1.1579","1.1460","1.1770","1.1394","","0.92%"
"09/21/2003","1.1474","1.1448","1.1538","1.1414","","0.82%"
"09/14/2003","1.1381","1.1271","1.1384","1.1137","","0.80%"
"09/07/2003","1.1291","1.1098","1.1327","1.1048","","1.66%"
"08/31/2003","1.1107","1.0987","1.1140","1.0762","","1.16%"
"08/24/2003","1.0980","1.0871","1.1003","1.0792","","0.85%"
"08/17/2003","1.0887","1.1262","1.1271","1.0836","","-3.30%"
"08/10/2003","1.1259","1.1307","1.1384","1.1218","","-0.43%"
"08/03/2003","1.1308","1.1277","1.1429","1.1260","","0.30%"
"07/27/2003","1.1274","1.1494","1.1542","1.1133","","-2.07%"
"07/20/2003","1.1512","1.1250","1.1553","1.1245","","2.15%"
"07/13/2003","1.1270","1.1290","1.1340","1.1113","","-0.16%"
"07/06/2003","1.1288","1.1479","1.1484","1.1256","","-1.78%"
"06/29/2003","1.1493","1.1430","1.1613","1.1398","","0.49%"
"06/22/2003","1.1437","1.1578","1.1626","1.1400","","-1.49%"
"06/15/2003","1.1610","1.1876","1.1933","1.1552","","-2.13%"
"06/08/2003","1.1863","1.1713","1.1880","1.1659","","1.39%"
"06/01/2003","1.1700","1.1714","1.1891","1.1628","","-0.74%"
"05/25/2003","1.1787","1.1835","1.1935","1.1693","","-0.43%"
"05/18/2003","1.1838","1.1673","1.1840","1.1613","","2.12%"
"05/11/2003","1.1592","1.1532","1.1626","1.1370","","0.91%"
"05/04/2003","1.1487","1.1228","1.1538","1.1205","","2.28%"
"04/27/2003","1.1231","1.1037","1.1290","1.0933","","1.79%"
"04/20/2003","1.1034","1.0896","1.1054","1.0822","","1.47%"
"04/13/2003","1.0874","1.0748","1.0966","1.0715","","1.18%"
"04/06/2003","1.0747","1.0667","1.0833","1.0560","","0.16%"
"03/30/2003","1.0730","1.0796","1.0953","1.0684","","-0.48%"
"03/23/2003","1.0782","1.0607","1.0804","1.0567","","2.35%"
"03/16/2003","1.0534","1.0772","1.0847","1.0501","","-1.93%"
"03/09/2003","1.0741","1.1008","1.1086","1.0690","","-2.43%"
"03/02/2003","1.1008","1.0777","1.1069","1.0768","","1.94%"
"02/23/2003","1.0798","1.0727","1.0840","1.0708","","0.28%"
"02/16/2003","1.0768","1.0764","1.0850","1.0667","","-0.21%"
"02/09/2003","1.0791","1.0817","1.0860","1.0663","","-0.31%"
"02/02/2003","1.0825","1.0787","1.0941","1.0692","","0.52%"
"01/26/2003","1.0769","1.0838","1.0909","1.0722","","-0.48%"
"01/19/2003","1.0821","1.0655","1.0857","1.0629","","1.42%"
"01/12/2003","1.0669","1.0579","1.0680","1.0501","","0.88%"
"01/05/2003","1.0576","1.0416","1.0587","1.0359","","1.47%"
"12/29/2002","1.0423","1.0427","1.0505","1.0334","","-0.14%"
"12/22/2002","1.0438","1.0274","1.0445","1.0216","","1.65%"
"12/15/2002","1.0269","1.0237","1.0335","1.0191","","0.34%"
"12/08/2002","1.0234","1.0099","1.0261","1.0057","","1.34%"
"12/01/2002","1.0099","0.9945","1.0131","0.9857","","1.54%"
"11/24/2002","0.9946","0.9968","0.9972","0.9873","","-0.24%"
"11/17/2002","0.9970","1.0093","1.0147","0.9961","","-1.24%"
"11/10/2002","1.0095","1.0126","1.0175","1.0011","","-0.35%"
"11/03/2002","1.0130","0.9961","1.0151","0.9927","","1.62%"
"10/27/2002","0.9969","0.9765","1.0006","0.9724","","2.16%"
"10/20/2002","0.9758","0.9719","0.9803","0.9687","","0.40%"
"10/13/2002","0.9719","0.9878","0.9893","0.9696","","-1.59%"
"10/06/2002","0.9876","0.9792","0.9931","0.9766","","0.84%"
"09/29/2002","0.9794","0.9813","0.9914","0.9782","","-0.14%"
"09/22/2002","0.9808","0.9808","0.9861","0.9727","","-0.16%"
"09/15/2002","0.9824","0.9703","0.9878","0.9604","","1.14%"
"09/08/2002","0.9713","0.9818","0.9844","0.9699","","-1.00%"
"09/01/2002","0.9811","0.9818","0.9996","0.9798","","-0.09%"
"08/25/2002","0.9820","0.9720","0.9889","0.9680","","0.98%"
"08/18/2002","0.9725","0.9849","0.9874","0.9666","","-1.21%"
"08/11/2002","0.9844","0.9704","0.9898","0.9689","","1.49%"
"08/04/2002","0.9699","0.9875","0.9882","0.9624","","-1.74%"
"07/28/2002","0.9871","0.9875","0.9923","0.9726","","0.12%"
"07/21/2002","0.9859","1.0119","1.0137","0.9850","","-2.54%"
"07/14/2002","1.0116","0.9914","1.0212","0.9912","","2.07%"
"07/07/2002","0.9911","0.9747","0.9971","0.9739","","1.93%"
"06/30/2002","0.9723","0.9916","0.9982","0.9716","","-1.97%"
"06/23/2002","0.9918","0.9698","0.9992","0.9658","","2.16%"
"06/16/2002","0.9708","0.9438","0.9724","0.9408","","2.61%"
"06/09/2002","0.9461","0.9433","0.9528","0.9390","","0.24%"
"06/02/2002","0.9438","0.9330","0.9495","0.9303","","1.06%"
"05/26/2002","0.9339","0.9211","0.9421","0.9185","","1.48%"
"05/19/2002","0.9203","0.9208","0.9285","0.9161","","-0.02%"
"05/12/2002","0.9205","0.9134","0.9221","0.8991","","0.71%"
"05/05/2002","0.9140","0.9163","0.9192","0.9031","","-0.36%"
"04/28/2002","0.9173","0.9014","0.9177","0.8988","","1.72%"
"04/21/2002","0.9018","0.8896","0.9023","0.8856","","1.08%"
"04/14/2002","0.8922","0.8794","0.8925","0.8784","","1.36%"
"04/07/2002","0.8802","0.8793","0.8850","0.8732","","0.14%"
"03/31/2002","0.8790","0.8711","0.8860","0.8711","","0.83%"
"03/24/2002","0.8718","0.8765","0.8800","0.8698","","-0.59%"
"03/17/2002","0.8770","0.8816","0.8861","0.8742","","-0.61%"
"03/10/2002","0.8824","0.8737","0.8872","0.8703","","0.97%"
"03/03/2002","0.8739","0.8648","0.8841","0.8629","","1.04%"
"02/24/2002","0.8649","0.8752","0.8758","0.8614","","-1.23%"
"02/17/2002","0.8757","0.8733","0.8786","0.8660","","0.26%"
"02/10/2002","0.8734","0.8704","0.8803","0.8677","","-0.01%"
"02/03/2002","0.8735","0.8619","0.8756","0.8602","","1.32%"
"01/27/2002","0.8621","0.8651","0.8677","0.8562","","-0.46%"
"01/20/2002","0.8661","0.8836","0.8892","0.8627","","-2.06%"
"01/13/2002","0.8843","0.8943","0.8955","0.8786","","-0.93%"
"01/06/2002","0.8926","0.8952","0.8999","0.8864","","-0.27%"
"12/30/2001","0.8950","0.8840","0.9068","0.8824","","1.29%"
"12/23/2001","0.8836","0.8882","0.8910","0.8739","","-0.50%"
"12/16/2001","0.8880","0.9036","0.9084","0.8856","","-1.64%"
"12/09/2001","0.9028","0.8902","0.9058","0.8842","","1.48%"
"12/02/2001","0.8896","0.8960","0.8972","0.8846","","-0.77%"
"11/25/2001","0.8965","0.8771","0.8984","0.8768","","2.10%"
"11/18/2001","0.8781","0.8842","0.8853","0.8735","","-0.69%"
"11/11/2001","0.8842","0.8948","0.9018","0.8770","","-1.12%"
"11/04/2001","0.8942","0.9019","0.9049","0.8886","","-0.90%"
"10/28/2001","0.9023","0.8927","0.9123","0.8922","","1.02%"
"10/21/2001","0.8932","0.8983","0.9004","0.8867","","-0.67%"
"10/14/2001","0.8992","0.9117","0.9139","0.8964","","-1.36%"
"10/07/2001","0.9116","0.9183","0.9246","0.8986","","-0.75%"
"09/30/2001","0.9185","0.9103","0.9237","0.9059","","0.75%"
"09/23/2001","0.9117","0.9136","0.9252","0.9082","","-0.35%"
"09/16/2001","0.9149","0.9235","0.9335","0.9084","","-0.64%"
"09/09/2001","0.9208","0.9062","0.9250","0.8949","","1.48%"
"09/02/2001","0.9074","0.9101","0.9106","0.8823","","-0.55%"
"08/26/2001","0.9124","0.9133","0.9200","0.9026","","-0.28%"
"08/19/2001","0.9150","0.9178","0.9242","0.9073","","-0.35%"
"08/12/2001","0.9182","0.8932","0.9204","0.8921","","2.79%"
"08/05/2001","0.8933","0.8832","0.8962","0.8735","","1.01%"
"07/29/2001","0.8844","0.8761","0.8878","0.8720","","0.76%"
"07/22/2001","0.8777","0.8705","0.8825","0.8650","","0.76%"
"07/15/2001","0.8711","0.8541","0.8791","0.8488","","1.89%"
"07/08/2001","0.8549","0.8467","0.8646","0.8439","","0.87%"
"07/01/2001","0.8475","0.8507","0.8510","0.8347","","-0.29%"
"06/24/2001","0.8500","0.8568","0.8662","0.8430","","-0.85%"
"06/17/2001","0.8573","0.8632","0.8647","0.8494","","-0.49%"
"06/10/2001","0.8615","0.8498","0.8677","0.8412","","1.26%"
"06/03/2001","0.8508","0.8462","0.8572","0.8419","","0.37%"
"05/27/2001","0.8477","0.8602","0.8614","0.8430","","-1.57%"
"05/20/2001","0.8612","0.8800","0.8820","0.8501","","-2.29%"
"05/13/2001","0.8814","0.8756","0.8882","0.8723","","0.70%"
"05/06/2001","0.8753","0.8928","0.8936","0.8733","","-1.95%"
"04/29/2001","0.8927","0.8919","0.9010","0.8852","","0.06%"
"04/22/2001","0.8922","0.9017","0.9084","0.8886","","-1.11%"
"04/15/2001","0.9022","0.8887","0.9049","0.8696","","1.58%"
"04/08/2001","0.8882","0.9028","0.9049","0.8807","","-1.77%"
"04/01/2001","0.9042","0.8745","0.9094","0.8744","","3.01%"
"03/25/2001","0.8778","0.8913","0.8995","0.8752","","-1.37%"
"03/18/2001","0.8900","0.8975","0.9127","0.8829","","-0.85%"
"03/11/2001","0.8976","0.9327","0.9345","0.8915","","-3.78%"
"03/04/2001","0.9329","0.9365","0.9377","0.9252","","-0.19%"
"02/25/2001","0.9347","0.9173","0.9383","0.9079","","1.86%"
"02/18/2001","0.9176","0.9134","0.9243","0.9017","","0.49%"
"02/11/2001","0.9131","0.9254","0.9334","0.9026","","-1.25%"
"02/04/2001","0.9247","0.9345","0.9445","0.9125","","-1.25%"
"01/28/2001","0.9364","0.9246","0.9448","0.9145","","1.32%"
"01/21/2001","0.9242","0.9343","0.9453","0.9113","","-1.05%"
"01/14/2001","0.9340","0.9521","0.9533","0.9290","","-1.89%"
"01/07/2001","0.9520","0.9578","0.9596","0.9364","","-0.63%"
"12/31/2000","0.9580","0.9425","0.9597","0.9262","","1.66%"
"12/24/2000","0.9424","0.9237","0.9427","0.9197","","1.95%"
"12/17/2000","0.9244","0.8944","0.9265","0.8881","","3.22%"
"12/10/2000","0.8956","0.8825","0.9003","0.8716","","1.05%"
"12/03/2000","0.8863","0.8788","0.8978","0.8757","","0.86%"
"11/26/2000","0.8787","0.8392","0.8797","0.8384","","4.78%"
"11/19/2000","0.8386","0.8496","0.8537","0.8372","","-1.21%"
"11/12/2000","0.8489","0.8621","0.8666","0.8474","","-1.34%"
"11/05/2000","0.8604","0.8668","0.8732","0.8516","","-0.73%"
"10/29/2000","0.8667","0.8411","0.8800","0.8381","","3.23%"
"10/22/2000","0.8396","0.8414","0.8443","0.8227","","-0.30%"
"10/15/2000","0.8421","0.8548","0.8578","0.8326","","-1.66%"
"10/08/2000","0.8563","0.8693","0.8768","0.8530","","-1.40%"
"10/01/2000","0.8685","0.8843","0.8861","0.8662","","-1.74%"
"09/24/2000","0.8839","0.8797","0.8887","0.8710","","0.89%"
"09/17/2000","0.8761","0.8532","0.9025","0.8440","","2.64%"
"09/10/2000","0.8536","0.8644","0.8741","0.8528","","-1.45%"
"09/03/2000","0.8662","0.8998","0.9041","0.8632","","-3.73%"
"08/27/2000","0.8998","0.9024","0.9045","0.8840","","-0.27%"
"08/20/2000","0.9022","0.9071","0.9078","0.8907","","-0.47%"
"08/13/2000","0.9065","0.9038","0.9187","0.8997","","0.44%"
"08/06/2000","0.9025","0.9073","0.9146","0.8962","","-0.62%"
"07/30/2000","0.9081","0.9237","0.9295","0.8993","","-1.66%"
"07/23/2000","0.9234","0.9364","0.9451","0.9223","","-1.45%"
"07/16/2000","0.9370","0.9382","0.9401","0.9190","","-0.14%"
"07/09/2000","0.9383","0.9482","0.9567","0.9315","","-1.06%"
"07/02/2000","0.9484","0.9524","0.9599","0.9460","","-0.44%"
"06/25/2000","0.9526","0.9363","0.9603","0.9296","","1.77%"
"06/18/2000","0.9360","0.9637","0.9697","0.9339","","-2.99%"
"06/11/2000","0.9648","0.9526","0.9660","0.9489","","1.22%"
"06/04/2000","0.9532","0.9465","0.9705","0.9412","","0.71%"
"05/28/2000","0.9465","0.9324","0.9506","0.9235","","1.64%"
"05/21/2000","0.9312","0.8975","0.9344","0.8953","","3.77%"
"05/14/2000","0.8974","0.9177","0.9194","0.8845","","-2.45%"
"05/07/2000","0.9199","0.8964","0.9201","0.8914","","2.56%"
"04/30/2000","0.8969","0.9120","0.9177","0.8846","","-1.69%"
"04/23/2000","0.9123","0.9384","0.9451","0.9029","","-2.77%"
"04/16/2000","0.9383","0.9644","0.9673","0.9348","","-2.49%"
"04/09/2000","0.9623","0.9546","0.9650","0.9509","","0.77%"
"04/02/2000","0.9549","0.9562","0.9752","0.9502","","-0.14%"
"03/26/2000","0.9562","0.9770","0.9789","0.9478","","-2.14%"
"03/19/2000","0.9771","0.9727","0.9778","0.9575","","0.48%"
"03/12/2000","0.9724","0.9627","0.9743","0.9596","","0.98%"
"03/05/2000","0.9630","0.9576","0.9702","0.9521","","0.32%"
"02/27/2000","0.9599","0.9748","0.9866","0.9392","","-1.50%"
"02/20/2000","0.9745","0.9848","1.0091","0.9723","","-1.22%"
"02/13/2000","0.9865","0.9864","0.9959","0.9764","","-0.04%"
"02/06/2000","0.9869","0.9839","0.9969","0.9757","","0.42%"
"01/30/2000","0.9828","0.9779","0.9949","0.9662","","0.80%"
"01/23/2000","0.9750","1.0026","1.0101","0.9738","","-3.38%"
"01/16/2000","1.0091","1.0128","1.0193","1.0049","","-0.37%"
"01/09/2000","1.0128","1.0288","1.0370","1.0111","","-1.59%"
"01/02/2000","1.0292","1.0052","1.0417","1.0050","","2.15%"